product_id,name,price,catalog_id,created_at,updated_at
1,Portable Laptop Table,39.99,Office,2024-03-27T08:45:12Z,2024-09-08T13:51:06Z
2,Leather Wallet,49.99,Accessories,2023-10-05T06:53:36Z,2025-05-30T07:37:36Z
3,Knitted Infinity Scarf,29.99,Clothing - Accessories,2024-04-11T01:37:22Z,2024-12-20T22:20:31Z
4,High-Speed Hand Blender,39.99,Kitchen,2023-09-05T15:11:16Z,2025-03-29T05:28:14Z
5,Decorative LED Neon Sign,45.99,Home,2024-05-06T05:38:30Z,2025-01-24T01:14:28Z
6,Acoustic Guitar,199.99,Music,2024-06-27T23:28:12Z,2025-04-29T13:37:19Z
7,Whole Grain Mustard,3.49,Food - Condiments,2024-05-22T18:03:15Z,2025-06-03T21:48:08Z
8,Surimi Crab Sticks,4.19,Food - Seafood,2024-01-22T17:35:02Z,2025-05-03T13:56:37Z
9,Beef Tacos,5.49,Food - Meat,2023-12-10T21:20:04Z,2025-04-02T03:19:58Z
10,Collapsible Colander,14.99,Kitchen,2024-06-11T10:06:41Z,2025-05-19T13:23:13Z
11,Frozen Berry Medley,5.49,Food - Frozen Foods,2024-01-27T12:46:15Z,2025-05-25T14:56:11Z
12,Travel Pillow,22.99,Travel,2024-03-28T16:45:24Z,2025-04-06T00:42:51Z
13,Electric Heat Pad,24.99,Health,2024-03-12T06:53:26Z,2024-10-24T17:54:39Z
14,Fleece Hoodie,39.99,Clothing - Outerwear,2024-04-02T11:21:30Z,2025-01-23T15:58:47Z
15,Casual Sneakers,39.99,Clothing - Footwear,2023-11-14T09:36:55Z,2024-10-18T06:39:26Z
16,Chickpea Snack Mix,3.49,Food - Snacks,2023-10-02T11:05:30Z,2025-08-07T14:18:40Z
17,Coconut Milk Ice Cream,6.99,Food - Frozen Desserts,2023-08-21T05:17:51Z,2025-07-14T15:11:21Z
18,Wireless Earbuds Case,12.99,Accessories,2023-09-10T18:00:18Z,2024-11-22T23:52:27Z
19,Roasted Garlic Butter,3.29,Food - Condiments,2024-02-12T07:38:47Z,2024-12-05T01:06:04Z
20,Smoked Gouda Cheese,5.49,Food - Dairy,2023-10-28T23:22:44Z,2025-08-01T04:11:09Z
21,Classic Watch,99.99,Accessories,2024-05-25T19:49:28Z,2025-03-20T23:00:53Z
22,Honey Sesame Chicken Mix,8.99,Food - Frozen Meals,2024-02-06T02:25:15Z,2025-01-02T02:00:57Z
23,Bamboo Utensil Set,14.99,Kitchen,2023-08-26T22:31:35Z,2024-12-21T04:26:45Z
24,Thai Green Curry Paste,2.49,Food - Sauces,2024-06-14T15:42:35Z,2025-02-04T18:06:06Z
25,Yoga Mat,25,Fitness,2024-04-25T15:57:39Z,2025-07-16T23:51:24Z
26,Cabbage,1.29,Food - Produce,2023-12-28T03:32:17Z,2025-05-13T01:44:38Z
27,Memory Foam Pillow,39.99,Home,2024-08-05T17:28:46Z,2024-10-02T16:14:16Z
28,Mini Cordless Vacuum Cleaner,45.99,Home Appliances,2023-12-11T05:10:31Z,2024-10-27T11:44:19Z
29,Tea Infuser,12.99,Kitchen,2024-03-13T05:54:17Z,2025-03-16T10:03:28Z
30,Sweet Chili Thai Sauce,3.49,Food - Condiments,2023-12-09T07:22:11Z,2024-12-04T03:53:59Z
31,Eco-Friendly Stainless Steel Straws,12.99,Kitchen,2023-11-21T19:58:15Z,2025-03-11T17:05:18Z
32,Collapsible Camping Cup,9.99,Outdoor,2023-12-01T05:20:45Z,2024-11-11T07:42:40Z
33,Raspberry Tart,5.49,Food - Baked Goods,2024-03-19T05:21:26Z,2024-11-17T17:04:10Z
34,Adjustable Stand for Tablets and Smartphones,19.99,Electronics,2024-07-15T13:11:45Z,2025-06-18T18:24:02Z
35,Savory Pumpkin Soup,3.89,Food - Soups,2024-03-25T18:25:41Z,2025-05-31T08:30:45Z
36,Portable Ice Maker,199.99,Kitchen,2024-04-01T16:09:07Z,2024-10-12T16:51:34Z
37,Vegetable Stir-Fry Sauce,3.49,Food - Sauces,2024-02-02T10:00:40Z,2024-12-04T01:47:27Z
38,Patterned Knit Scarf,25.99,Clothing - Accessories,2023-12-14T06:31:34Z,2025-08-01T07:06:28Z
39,Savory Trail Mix,4.29,Food - Snacks,2024-04-17T22:29:37Z,2025-01-11T17:11:08Z
40,Collapsible Camping Cup,9.99,Outdoor,2024-01-16T23:16:13Z,2024-09-10T07:02:45Z
41,Self-Cleaning Water Bottle,49.99,Fitness,2024-01-01T02:41:10Z,2025-07-13T23:10:43Z
42,Balsamic Vinegar,4.99,Food - Condiments,2024-07-19T06:13:27Z,2025-07-15T11:41:25Z
43,Crispy Potato Tots,3.69,Food - Frozen Foods,2023-10-24T16:49:51Z,2025-01-07T03:50:22Z
44,Canned Coconut Milk,1.89,Food - Canned Goods,2024-06-21T19:07:08Z,2024-11-03T11:56:27Z
45,Classic Bagels,2.99,Food - Bakery,2023-11-19T00:16:58Z,2025-06-19T13:26:01Z
46,Fruit and Nut Bars,1.99,Food - Snacks,2024-01-22T03:21:43Z,2025-05-12T12:33:43Z
47,Adjustable Bar Stools,149.99,Furniture,2024-03-28T04:58:10Z,2025-03-05T00:32:05Z
48,Bamboo Bathtub Caddy,34.99,Home,2024-08-10T11:17:27Z,2025-03-15T03:20:45Z
49,Electric Food Steamer,59.99,Kitchen,2024-06-10T23:38:07Z,2024-08-23T23:45:09Z
50,Sweetened Condensed Milk,1.89,Food - Baking Goods,2023-09-02T00:20:27Z,2025-06-06T15:47:45Z
51,LED Desk Lamp with USB Charging Port,29.99,Office,2023-09-02T02:40:07Z,2025-05-20T22:57:45Z
52,Cranberry Citrus Sauce,3.99,Food - Condiments,2023-12-01T02:18:01Z,2025-07-10T04:45:01Z
53,Zucchini Noodles,3.99,Food - Vegetables,2024-07-09T08:17:45Z,2024-12-02T16:18:15Z
54,Cranberry Pecan Granola,3.99,Food - Breakfast Foods,2024-06-19T09:59:53Z,2025-05-06T06:26:23Z
55,LED Desk Light,34.99,Home,2023-10-20T10:25:39Z,2024-11-17T06:12:53Z
56,Mini Cordless Vacuum Cleaner,45.99,Home Appliances,2023-12-17T18:11:45Z,2024-10-24T19:19:51Z
57,Puzzle,27.99,Toys,2024-04-10T18:28:17Z,2025-05-31T00:21:51Z
58,Maple Bacon Popcorn,3.49,Food - Snacks,2024-02-08T15:34:00Z,2025-07-06T05:03:03Z
59,Caramel Apple Taffy,1.99,Food - Confectionery,2023-09-05T17:20:10Z,2024-09-20T14:11:55Z
60,Cranberry Orange Oatmeal,2.49,Food - Breakfast,2023-10-10T13:42:00Z,2024-09-11T22:02:02Z
61,Nut Butter Cups,3.99,Food - Snacks,2023-08-12T19:55:49Z,2025-01-18T12:25:36Z
62,Educational STEM Kit,35.99,Toys,2024-05-29T09:50:24Z,2024-10-17T05:02:26Z
63,Garden Hose Reel,49.99,Garden,2023-10-03T13:48:21Z,2025-03-16T14:24:59Z
64,Baking Soda,0.99,Food - Baking,2024-03-15T20:01:31Z,2025-06-24T21:00:43Z
65,Curried Lentil Salad,4.29,Food - Salads,2024-06-27T06:37:35Z,2024-10-29T16:20:40Z
66,Elegant Lace Dress,79.99,Clothing - Dresses,2024-07-10T15:58:02Z,2025-07-06T08:54:50Z
67,Garden Tool Set with Carrying Bag,39.99,Garden,2023-12-06T16:27:32Z,2024-08-12T22:52:29Z
68,Yoga Strap,12.99,Fitness,2024-07-01T03:21:20Z,2024-12-02T06:21:14Z
69,Rustic Italian Breads,3.99,Food - Bakery,2024-07-26T08:22:36Z,2024-10-01T14:40:11Z
70,Pork Tenderloin,10.99,Food - Meat,2024-05-09T21:08:05Z,2024-10-22T07:26:03Z
71,Scent Diffuser Oil,14.99,Home,2023-09-11T23:19:12Z,2025-03-30T04:39:27Z
72,Air Mattress,49.99,Outdoor,2024-07-19T14:51:59Z,2025-03-15T01:16:03Z
73,Mesh Sports Leggings,39.99,Clothing - Activewear,2024-04-06T22:40:06Z,2025-01-09T18:43:56Z
74,Vegetable Potstickers,5.99,Food - Frozen Food,2024-05-15T04:28:03Z,2025-07-19T14:27:46Z
75,Rice Pudding,2.29,Food - Desserts,2023-10-19T08:45:16Z,2025-08-08T14:17:19Z
76,Vegan Protein Powder,34.99,Health,2023-12-01T03:44:45Z,2025-05-23T02:35:41Z
77,Pepperoni Pizza Rolls,6.99,Food - Snacks,2024-05-20T01:03:14Z,2024-11-28T13:46:45Z
78,Backpack,49.99,Accessories,2023-12-19T05:34:20Z,2024-10-26T03:43:06Z
79,Kids' Art Easel,58.99,Toys,2023-10-08T21:28:11Z,2025-03-01T16:56:44Z
80,Noise-Canceling Headphones,119.99,Audio,2024-04-13T08:37:27Z,2025-05-21T01:52:53Z
81,Travel Beach Blanket,29.99,Outdoor,2023-08-12T20:12:30Z,2025-05-12T05:04:41Z
82,Blackberry Compote,5.29,Food - Condiments,2024-07-19T13:57:30Z,2025-05-24T01:55:32Z
83,Smart Wi-Fi Light Bulbs,19.99,Smart Home,2023-12-05T19:45:07Z,2025-04-17T22:28:18Z
84,Classic Cheeseburger Mix,5.49,Food - Meats,2024-03-02T09:38:21Z,2024-10-22T16:46:09Z
85,Butternut Squash Ravioli,6.29,Food - Frozen Foods,2023-08-30T18:32:02Z,2025-07-30T16:20:37Z
86,Almond Joy Bars,1.29,Food - Confectionery,2023-12-08T22:55:25Z,2024-10-03T17:44:45Z
87,Reversible Swimming Pool Lounger,34.99,Outdoor,2024-02-21T07:03:11Z,2025-07-27T08:00:58Z
88,Magnetic Spice Jars,24.99,Kitchen,2024-05-29T11:30:50Z,2025-05-06T02:44:46Z
89,Self-Massaging Pillow,49.99,Health,2023-11-12T00:21:24Z,2024-11-30T23:31:01Z
90,Frozen Cauliflower Rice,2.99,Food - Frozen Foods,2024-07-25T01:47:36Z,2024-08-21T05:17:37Z
91,Canvas High-Top Sneakers,49.99,Clothing - Footwear,2023-08-23T19:33:52Z,2025-04-07T08:57:50Z
92,Frozen Burritos,8.99,Food - Frozen Foods,2024-04-14T16:23:14Z,2024-10-21T16:26:40Z
93,Solar Garden Lights,39.99,Outdoor,2024-04-08T03:41:02Z,2024-12-08T02:27:02Z
94,Smartphone Stand,15.49,Accessories,2024-06-09T00:50:37Z,2024-12-22T17:31:45Z
95,Reusable Silicone Food Storage Bags,19.99,Kitchen,2024-04-11T08:49:26Z,2024-09-10T21:59:51Z
96,Buffalo Style Cauliflower Bites,5.49,Food - Frozen Vegetables,2024-04-17T17:22:07Z,2025-05-20T05:05:31Z
97,Wrist Support Brace,19.99,Health,2023-08-24T00:27:32Z,2025-06-21T06:33:58Z
98,Portable Electric Fan,24.99,Home,2024-02-15T17:53:37Z,2024-09-03T03:02:41Z
99,Apple Cinnamon Granola,4.49,Food - Breakfast,2023-08-28T18:11:23Z,2025-04-15T08:23:22Z
100,Vegan Cheese,4.99,Food - Dairy Alternatives,2024-03-02T07:47:09Z,2025-01-30T19:05:32Z
101,Pet Safety Harness,24.99,Pets,2024-02-29T08:39:34Z,2024-11-13T09:44:22Z
102,Bamboo Toothbrush Holder,14.99,Health,2024-04-20T01:40:59Z,2025-03-14T12:37:25Z
103,Almond Flour Cookies,4.99,Food - Bakery,2024-04-16T14:09:28Z,2025-02-23T17:40:50Z
104,Organic Green Tea,4.29,Food - Beverages,2024-02-03T06:08:53Z,2024-09-21T14:41:44Z
105,Window Bird Feeder with Suction Cups,28.99,Outdoor,2023-10-15T02:43:06Z,2025-06-22T09:54:13Z
106,Shower Curtain Hooks,12.99,Home,2024-03-28T20:07:27Z,2025-06-29T01:00:35Z
107,Gluten-Free Pancake Mix,5.99,Food - Baking Goods,2024-03-03T01:57:51Z,2025-06-25T22:32:42Z
108,Italian Marinara Sauce,3.29,Food - Sauces,2023-10-30T23:16:24Z,2024-10-12T12:54:49Z
109,Lemon Dill Salmon,9.99,Food - Seafood,2024-05-18T13:31:22Z,2024-08-13T16:00:33Z
110,Outdoor Mosquito Repellent Lantern,34.99,Outdoor,2024-08-03T21:05:57Z,2025-05-24T14:30:33Z
111,Vegetarian Chili,3.99,Food - Canned Goods,2023-09-04T14:47:13Z,2025-07-07T18:49:48Z
112,Infrared Thermometer Gun,29.99,Health,2024-04-13T20:30:02Z,2024-12-18T18:41:35Z
113,Basic V-Neck T-Shirt,19.99,Clothing - Tops,2024-03-05T22:47:22Z,2025-01-26T02:59:13Z
114,Pepper Jack Cheese Sticks,2.49,Food - Snacks,2023-12-30T14:16:46Z,2024-10-19T07:56:02Z
115,Fitness Jump Rope with LCD Counter,15.99,Fitness,2024-07-15T18:33:22Z,2024-12-06T18:51:40Z
116,Maple Cinnamon Almonds,4.29,Food - Nuts,2023-10-30T21:27:31Z,2024-10-07T09:09:02Z
117,Chocolate Chip Muffins,3.99,Food - Bakery,2024-01-18T23:29:45Z,2024-12-01T11:14:14Z
118,Cilantro Lime Rice,2.99,Food - Grains,2023-12-16T02:53:31Z,2024-10-11T14:04:46Z
119,DIY Candle Making Kit,22.99,Crafts,2023-09-17T22:11:19Z,2024-10-16T14:47:30Z
120,Diced Tomatoes (canned),1.49,Food - Canned Goods,2023-10-16T05:49:45Z,2025-05-02T10:45:54Z
121,Sesame Garlic Stir-Fry Sauce,2.79,Food - Sauces,2024-05-01T19:13:40Z,2024-10-31T21:50:19Z
122,Granola Cereal,4.49,Food - Breakfast,2024-03-26T22:00:25Z,2025-06-14T01:37:16Z
123,First Aid Kit,29.99,Health,2024-01-04T07:57:55Z,2024-09-06T12:31:33Z
124,Mini Meatballs,5.99,Food - Frozen Meals,2024-07-23T09:19:31Z,2025-08-10T07:27:02Z
125,Wireless Security System,299.99,Home Security,2023-12-06T00:16:57Z,2025-03-08T23:21:07Z
126,Chicken Breasts,9.99,Food - Meat,2024-06-21T22:47:04Z,2024-11-02T02:24:15Z
127,Honey Sesame Cashews,4.49,Food - Snacks,2023-10-06T01:34:46Z,2025-03-08T15:49:20Z
128,Chili Lime Shrimp,8.99,Food - Seafood,2023-09-22T05:43:42Z,2025-04-21T22:54:28Z
129,Plaid Flannel Shirt,29.99,Clothing - Tops,2023-09-30T04:54:42Z,2025-05-31T10:27:17Z
130,Adjustable Pet Feeder,39.99,Pets,2023-09-20T12:07:06Z,2025-08-04T05:05:05Z
131,Kitchen Knife Sharpening System,39.99,Kitchen,2023-12-12T14:42:12Z,2025-05-04T03:22:06Z
132,Portable Charger with Solar Panel,45.99,Electronics,2023-10-03T09:19:40Z,2024-11-19T04:49:43Z
133,Cajun Seasoning,1.99,Food - Spices,2024-03-20T10:27:53Z,2024-10-08T03:48:40Z
134,Almond Butter Crunch Bar,1.99,Food - Snacks,2023-08-30T20:10:42Z,2025-05-03T23:19:49Z
135,Lemonade Mix,1.99,Food - Beverages,2024-04-13T10:20:51Z,2025-06-17T11:33:23Z
136,Raspberry Tart,5.49,Food - Baked Goods,2024-03-07T19:40:14Z,2024-09-11T10:59:43Z
137,Outdoor Camping Lantern,34.99,Outdoor,2023-12-13T22:24:06Z,2025-06-22T02:50:02Z
138,Silicone Stretch Lids,14.99,Kitchen,2023-11-11T08:19:44Z,2025-03-12T11:16:15Z
139,Portable Jump Starter,59.99,Automotive,2024-04-13T00:31:59Z,2024-11-20T18:32:37Z
140,Lemon Dill Chicken Skewers,9.99,Food - Meat,2024-07-12T12:10:01Z,2025-07-05T20:51:51Z
141,Multi-Purpose Marine Rope,19.99,Outdoor,2024-07-03T19:22:24Z,2025-05-22T14:41:06Z
142,Compact Umbrella,12.99,Accessories,2023-08-25T20:51:56Z,2025-07-06T22:26:08Z
143,Magnetic Spice Jars,24.99,Kitchen,2024-08-04T08:23:53Z,2024-10-17T08:13:25Z
144,Creamy Coleslaw Mix,2.39,Food - Produce,2024-02-17T17:30:48Z,2025-02-19T02:56:08Z
145,Portable USB-C Monitor,199.99,Electronics,2024-05-18T10:12:16Z,2025-07-23T21:05:12Z
146,Fitness Smartwatch,99.99,Wearable Tech,2023-09-06T15:59:06Z,2025-03-31T03:37:49Z
147,Foldable Picnic Table,49.99,Outdoor,2023-11-20T10:30:59Z,2025-04-05T04:45:34Z
148,Magnetic Whiteboard,34.99,Office,2024-03-28T12:41:52Z,2025-04-02T09:01:30Z
149,Lentil Soup,2.49,Food - Canned Goods,2023-11-03T11:22:45Z,2025-05-11T23:51:52Z
150,Crispy Kale Chips,2.99,Food - Snacks,2023-12-04T21:13:30Z,2025-01-10T05:16:33Z
151,Travel Pillow,22.99,Travel,2024-02-02T16:49:46Z,2025-01-23T09:27:41Z
152,Buffalo Cauliflower Wings,6.99,Food - Frozen Foods,2024-06-09T18:31:50Z,2024-10-09T16:55:26Z
153,Plant-Based Cookbook,29.99,Books,2024-04-12T03:00:50Z,2025-05-19T18:50:29Z
154,Wine Decanter,34.99,Home,2023-10-09T03:55:02Z,2024-12-01T04:44:36Z
155,Multi-Functional Rice Cooker,49.99,Kitchen,2023-11-01T05:01:22Z,2024-10-26T18:27:01Z
156,Black Bean Soup,3.49,Food - Soups,2024-02-14T13:56:52Z,2024-12-26T01:34:50Z
157,BBQ Lentil Chips,3.49,Food - Snacks,2024-03-09T14:44:26Z,2024-11-20T22:15:17Z
158,Plant Pot Drip Trays,9.99,Garden,2024-01-21T03:16:07Z,2025-07-14T14:11:07Z
159,Matcha Green Tea Powder,14.99,Food - Beverages,2024-03-17T00:44:50Z,2024-10-05T18:16:10Z
160,Dark Chocolate Tart,6.29,Food - Desserts,2024-06-04T10:24:45Z,2025-05-09T16:19:18Z
161,Comfortable Jogger Pants,29.99,Clothing - Bottoms,2023-08-17T21:44:24Z,2024-09-28T18:27:35Z
162,Portable Solar Charger,29.99,Electronics,2023-08-26T11:10:56Z,2024-12-08T08:15:00Z
163,Pasta (Linguine),1.89,Food - Pasta,2024-03-06T01:36:57Z,2024-10-11T10:18:48Z
164,Fitness Tracker Watch,79.99,Wearable Tech,2023-10-16T13:07:26Z,2024-12-07T01:49:26Z
165,Handheld Garment Steamer,34.99,Home,2024-04-15T03:05:36Z,2025-01-27T20:09:30Z
166,Dishwasher Safe Cutting Board,22.99,Kitchen,2023-09-01T01:59:14Z,2025-05-15T04:53:20Z
167,Garlic Parmesan Wings,8.99,Food - Frozen Foods,2023-09-06T18:50:58Z,2024-10-26T22:16:02Z
168,Gluten-Free Brownies,4.99,Food - Baking,2024-06-04T22:04:39Z,2024-10-10T04:06:56Z
169,Trackpad for Laptop,49.99,Accessories,2024-06-16T17:19:04Z,2025-04-27T16:39:34Z
170,Peach Yogurt,1.29,Food - Dairy,2024-07-08T20:10:48Z,2025-06-18T00:54:29Z
171,Lemonade Mix,1.99,Food - Beverages,2024-03-04T21:42:27Z,2024-12-17T07:17:32Z
172,Foot Spa Bath Massager,59.99,Health,2024-02-16T19:47:36Z,2025-01-21T19:02:37Z
173,Kale Salad with Lemon Dressing,4.99,Food - Salads,2024-08-08T07:01:35Z,2024-11-14T11:55:55Z
174,Peach Salsa,3.29,Food - Dips,2023-12-10T10:29:13Z,2025-04-25T15:51:53Z
175,Woven Storage Baskets,24.99,Home,2024-01-30T19:47:15Z,2025-01-24T16:24:59Z
176,Adjustable Laptop Desk,59.99,Office,2023-08-19T09:27:28Z,2025-04-25T07:30:17Z
177,Coffee Subscription Service,29.99,Food,2024-03-07T02:10:17Z,2025-05-22T04:53:21Z
178,Linen Trousers,44.99,Clothing - Bottoms,2024-08-06T21:38:13Z,2024-08-20T07:03:28Z
179,Spicy Thai Coconut Soup,3.99,Food - Soups,2024-01-24T11:04:10Z,2025-01-11T23:42:49Z
180,LED Canopy Lights,29.99,Outdoor,2024-06-24T07:31:25Z,2024-09-23T10:33:24Z
181,Cereal Dispenser with Portion Control,24.99,Kitchen,2024-07-30T14:52:13Z,2024-11-25T20:28:57Z
182,Multi-Layer Food Steamer,39.99,Kitchen,2024-04-26T05:37:27Z,2025-04-13T13:41:51Z
183,Car Diagnostic Scanner,49.99,Automotive,2023-10-09T16:00:21Z,2025-04-12T07:03:45Z
184,Spaghetti Sauce,2.99,Food - Canned Goods,2024-01-20T11:35:35Z,2025-06-18T14:13:32Z
185,BBQ Sauce,3.49,Food - Condiments,2024-02-01T08:43:44Z,2024-11-23T21:43:34Z
186,Patterned Knit Scarf,25.99,Clothing - Accessories,2024-02-12T09:44:42Z,2024-11-30T07:54:51Z
187,DIY Candle Making Kit,22.99,Crafts,2024-04-04T08:57:27Z,2024-08-30T10:33:35Z
188,Inspirational Wall Art,24.99,Home,2023-10-11T08:24:43Z,2024-10-07T22:59:10Z
189,Instant Read Meat Thermometer,24.99,Kitchen,2024-07-16T12:00:17Z,2025-05-28T23:23:58Z
190,Ramen Noodles,0.99,Food - Pasta,2023-12-06T14:03:17Z,2024-10-12T14:29:34Z
191,Wireless Smart Plug,19.99,Smart Home,2024-08-10T20:41:52Z,2025-07-27T19:27:33Z
192,Buffalo Chicken Dip,5.99,Food - Dips,2024-05-02T04:35:36Z,2025-07-12T21:43:18Z
193,Cinnamon Raisin Bread,3.79,Food - Bakery,2024-03-05T00:59:06Z,2024-12-02T21:40:51Z
194,Electric Opener for Jars and Bottles,24.99,Kitchen,2023-09-23T13:10:38Z,2025-02-05T05:51:40Z
195,Wireless Charger,24.99,Accessories,2024-01-11T15:18:38Z,2024-10-02T21:40:00Z
196,High-Speed Hand Blender,39.99,Kitchen,2024-08-06T04:26:46Z,2024-09-15T01:26:46Z
197,LED Flashlight with Rechargeable Batteries,19.99,Outdoor,2024-06-17T17:54:55Z,2024-11-19T19:06:21Z
198,Biodegradable Phone Case,23.99,Accessories,2023-10-03T08:43:34Z,2024-10-22T12:03:37Z
199,Maple Oatmeal,2.99,Food - Breakfast,2024-07-09T10:21:52Z,2025-06-27T06:50:23Z
200,Ceramic Planter Set,39.99,Home,2024-06-30T15:09:00Z,2025-07-03T07:16:57Z
201,Hiking Gaiters,29.99,Outdoor,2024-02-06T05:37:51Z,2025-06-04T14:05:29Z
202,Basil Pesto Pasta,6.49,Food - Prepared Meals,2024-04-20T05:16:44Z,2024-09-21T08:19:57Z
203,Pasta Primavera Kit,7.49,Food - Meal Kits,2023-11-08T11:06:48Z,2024-10-23T17:56:31Z
204,Freestanding Wine Rack,79.99,Home,2024-05-20T11:30:16Z,2025-03-02T08:30:44Z
205,Over-The-Door Shoe Organizer,25.99,Home,2023-10-17T09:08:51Z,2025-05-10T05:23:19Z
206,Outdoor Mosquito Repellent Lantern,34.99,Outdoor,2023-08-14T22:48:26Z,2025-03-13T09:09:47Z
207,Crispy Kale Chips,2.99,Food - Snacks,2024-06-27T19:55:51Z,2025-02-27T22:04:18Z
208,Almond Crunch Granola Bars,3.49,Food - Snacks,2024-04-29T19:38:45Z,2025-08-11T02:07:20Z
209,Salt and Pepper Grinder Set,19.99,Kitchen,2023-11-07T00:14:14Z,2025-01-09T21:48:38Z
210,Children's Science Experiment Lab Kit,29.99,Toys,2023-12-08T16:37:03Z,2025-01-13T20:12:04Z
211,Silicone Ice Cube Tray,10.99,Kitchen,2024-05-14T06:31:43Z,2025-02-26T02:40:31Z
212,A-Line Skirt,35.99,Clothing - Bottoms,2024-01-06T07:46:58Z,2024-10-12T02:31:06Z
213,Waffle Maker,39.99,Kitchen,2024-02-13T22:38:08Z,2025-05-03T04:48:35Z
214,Sesame Garlic Noodles,3.49,Food - Pasta,2024-06-06T04:40:57Z,2025-04-06T12:06:58Z
215,Spinach Pizza Rolls,4.99,Food - Frozen Foods,2023-11-17T12:09:39Z,2024-08-12T17:16:44Z
216,Wireless Earbuds,69.99,Audio,2024-01-18T01:46:11Z,2024-08-23T04:10:10Z
217,Organic Green Lentils,3.99,Food - Grocery,2024-02-13T19:58:16Z,2025-07-20T23:34:46Z
218,Smoked Paprika,2.99,Food - Spices,2024-05-29T17:04:07Z,2025-05-01T06:33:11Z
219,Sesame Seeds,1.99,Food - Baking,2024-07-07T17:23:01Z,2025-03-09T09:16:44Z
220,Homemade Salsa,3.79,Food - Condiments,2024-02-13T15:11:27Z,2024-11-30T16:47:05Z
221,Organic Black Beans,1.29,Food - Canned Goods,2024-04-03T19:31:56Z,2025-01-05T20:37:26Z
222,Car Seat Organizer,14.99,Automotive,2024-01-14T15:58:44Z,2025-07-27T23:04:04Z
223,LED Christmas Tree Lights,34.99,Home,2023-11-12T21:55:16Z,2024-09-11T03:17:32Z
224,Sushi Roll Kit,9.99,Food - Cooking Kits,2024-06-18T23:10:30Z,2025-05-24T15:59:40Z
225,Garlic and Herb Rub,2.29,Food - Spices,2024-03-08T07:01:26Z,2025-05-05T23:59:05Z
226,Multifunctional Pocket Tool,19.99,Tools,2023-10-16T19:31:31Z,2024-12-14T08:38:39Z
227,Peanut Butter Chocolate Clusters,2.99,Food - Desserts,2023-12-21T08:57:36Z,2024-10-03T12:46:05Z
228,Wild Rice & Quinoa Mix,2.99,Food - Grains,2024-04-03T02:45:54Z,2024-08-25T22:47:50Z
229,Sweet Chili Dipping Sauce,2.99,Food - Condiments,2024-06-21T13:15:39Z,2024-12-04T01:18:06Z
230,Vegetable Sushi Rolls,5.99,Food - Prepared Meals,2024-07-09T13:57:33Z,2024-11-07T23:39:47Z
231,Coffee Maker,89.99,Kitchen,2024-03-21T04:19:13Z,2025-04-23T16:58:00Z
232,Reclining Camping Chair,49.99,Outdoor,2024-07-25T08:15:30Z,2024-12-18T16:32:01Z
233,Mediterranean Olives,6.49,Food - Condiments,2023-09-17T10:14:49Z,2025-01-01T01:22:56Z
234,Robot Vacuum Cleaner,299.99,Home Appliances,2024-08-10T12:43:06Z,2025-07-24T02:41:44Z
235,Coconut Cream Pie Yogurt,1.99,Food - Dairy Alternatives,2024-01-22T09:18:24Z,2025-04-28T21:27:09Z
236,Sliced Turkey Breast,5.49,Food - Deli Meats,2023-08-27T04:17:11Z,2025-04-26T05:02:58Z
237,Reflective Safety Vest,19.99,Safety,2024-04-22T02:15:26Z,2025-08-04T18:11:23Z
238,Window A/C Unit,299.99,Home Appliances,2023-08-25T18:06:20Z,2025-02-18T16:25:01Z
239,Shower Curtain Hooks,12.99,Home,2023-10-17T21:40:19Z,2025-02-10T05:39:31Z
240,Vegetable Broth,2.29,Food - Canned Goods,2024-06-18T03:43:41Z,2025-05-03T04:58:23Z
241,Instant Read Meat Thermometer,24.99,Kitchen,2023-09-10T23:58:49Z,2025-06-13T00:38:01Z
242,Chocolate Hazelnut Granola,4.49,Food - Cereal,2024-06-01T02:58:33Z,2024-12-05T14:35:23Z
243,Cinnamon Ice Cream,4.99,Food - Frozen Desserts,2024-01-31T02:50:48Z,2024-10-16T02:37:49Z
244,Jigsaw Puzzle,14.99,Toys,2024-07-05T17:20:49Z,2025-06-09T02:54:12Z
245,Wireless Earbud Silicone Covers,9.99,Accessories,2024-04-27T08:37:26Z,2025-05-04T07:05:38Z
246,Vegetable Fried Rice Mix,3.99,Food - Frozen Food,2024-06-12T03:20:38Z,2025-06-01T02:34:23Z
247,Honey Lemon Tea,3.29,Food - Beverages,2024-01-05T22:45:42Z,2024-11-16T14:34:39Z
248,Denim Jacket,69.99,Clothing - Outerwear,2023-09-01T15:36:28Z,2024-10-02T15:28:16Z
249,Portable Bluetooth Keyboard,39.99,Electronics,2024-07-24T05:51:19Z,2024-11-10T23:09:36Z
250,Caribbean Jerk Marinade,3.79,Food - Marinades,2024-02-01T03:18:58Z,2025-02-13T08:40:15Z
251,Cauliflower Gnocchi,3.59,Food - Frozen Foods,2024-01-09T11:42:44Z,2025-02-11T05:07:18Z
252,Floral Summer Dress,39.99,Clothing - Dresses,2024-05-19T04:26:20Z,2025-04-16T02:25:35Z
253,Wine Decanter,34.99,Home,2024-03-08T07:16:14Z,2025-01-19T02:27:16Z
254,Tabletop Fire Pit,79.99,Outdoor,2024-04-18T10:14:49Z,2025-07-05T16:49:12Z
255,Diced Tomatoes (canned),1.49,Food - Canned Goods,2023-08-26T11:39:11Z,2024-10-04T07:59:13Z
256,Silicone Wine Glasses,22.99,Outdoor,2024-01-02T22:30:29Z,2025-05-05T20:33:13Z
257,Balsamic Vinegar,4.99,Food - Condiments,2023-11-24T12:12:24Z,2024-12-11T10:32:45Z
258,Tattoo Kit,99.99,Art Supplies,2024-03-19T04:18:50Z,2025-04-27T19:35:53Z
259,Mixed Nuts,5.99,Food - Snacks,2024-02-29T14:45:56Z,2024-11-06T10:15:40Z
260,Blackberry Jam,4.29,Food - Condiments,2024-08-08T12:14:47Z,2024-09-10T09:25:45Z
261,Wrist Support Brace,19.99,Health,2023-12-24T10:22:03Z,2024-09-21T07:26:52Z
262,Running Shorts,34.99,Clothing - Activewear,2024-03-24T15:54:08Z,2024-11-26T20:17:38Z
263,Heavy-Duty Utility Tote,34.99,Accessories,2023-10-26T09:19:03Z,2025-02-11T20:35:41Z
264,Graphic Sweatshirt,34.99,Clothing - Tops,2024-05-22T00:56:57Z,2024-11-24T00:00:21Z
265,Pet Nail Clipper,12.99,Pets,2024-01-08T04:19:13Z,2025-04-28T07:25:33Z
266,Red Lentil Pasta,3.99,Food - Pasta,2024-05-01T12:34:30Z,2024-08-23T08:27:41Z
267,Pet Water Fountain with Filtration,39.99,Pets,2023-12-26T16:45:43Z,2025-02-21T12:51:11Z
268,Overnight Duffle Bag,34.99,Travel,2023-12-17T10:59:53Z,2024-12-25T02:07:02Z
269,Underwater Camera,199.99,Photography,2023-10-20T18:54:42Z,2025-01-27T18:51:08Z
270,Portable UV Sterilizer,19.99,Health,2024-01-16T10:39:10Z,2024-08-25T19:49:35Z
271,Pet Hair Removal Roller,10.99,Pets,2023-09-19T03:25:02Z,2025-05-17T14:20:51Z
272,Herb Drying Rack,22.99,Garden,2023-12-29T14:26:48Z,2024-09-22T23:40:55Z
273,Cauliflower Gnocchi,3.59,Food - Frozen Foods,2023-10-27T09:40:50Z,2024-12-02T06:20:15Z
274,Professional Chef Knife,89.99,Kitchen,2024-05-18T15:42:08Z,2025-08-09T06:09:46Z
275,Electric Wax Warmer,22.99,Home,2024-04-04T00:29:09Z,2025-03-17T02:34:32Z
276,Maple Pecan Oatmeal Cookies,3.99,Food - Bakery,2024-02-04T20:36:58Z,2025-04-21T14:29:56Z
277,Pocket Blanket,24.99,Outdoor,2024-04-08T19:59:48Z,2025-02-19T06:11:12Z
278,Interchangeable Watch Bands,24.99,Accessories,2024-06-15T07:20:40Z,2024-11-15T10:07:46Z
279,Chocolate Peanut Butter Cups,2.29,Food - Snacks,2024-01-14T07:34:11Z,2025-04-18T14:05:43Z
280,Savory Breakfast Sausage,6.49,Food - Meats,2023-08-28T01:23:21Z,2025-04-03T02:03:31Z
281,Breathable Face Mask Set,14.99,Health,2024-08-03T15:22:23Z,2025-01-11T01:22:31Z
282,Noise-Canceling Earbuds,79.99,Audio,2024-06-11T11:30:54Z,2025-03-05T16:01:03Z
283,Falafel Mix,2.79,Food - Baking & Cooking,2023-11-01T19:58:18Z,2025-01-02T00:50:12Z
284,Sriracha Hot Chili Sauce,2.99,Food - Condiments,2024-05-26T17:33:54Z,2024-08-19T16:31:59Z
285,Pet Water Bottle,18.99,Pets,2024-01-31T04:51:32Z,2025-02-04T21:23:28Z
286,Inflatable Paddle Board,349.99,Outdoor,2024-03-20T19:49:05Z,2025-08-01T02:48:19Z
287,Asian Noodle Salad Kit,4.99,Food - Salads,2024-06-04T22:12:33Z,2025-06-07T09:37:25Z
288,BBQ Jackfruit,4.29,Food - Prepared Foods,2024-07-14T03:37:47Z,2025-03-15T06:31:09Z
289,Coconut Curry Lentils,5.79,Food - Canned Goods,2024-03-25T02:59:10Z,2024-09-28T04:31:24Z
290,Smartphone Gimbal Stabilizer,89.99,Photography,2024-03-07T03:02:32Z,2025-04-05T21:16:24Z
291,Thai Coconut Curry Sauce,3.99,Food - Condiments,2024-07-17T00:55:22Z,2025-01-31T05:59:39Z
292,USB-C Hub,39.99,Computers,2023-11-27T11:10:07Z,2025-02-13T23:52:39Z
293,Ski Goggles,49.99,Sports,2024-05-25T06:07:11Z,2025-02-11T19:10:05Z
294,Digital Food Scale,22.99,Kitchen,2024-03-02T17:44:08Z,2025-07-31T08:39:39Z
295,Cucumber Lime Sparkling Water,1.49,Food - Beverages,2023-11-18T13:59:48Z,2024-09-30T01:30:59Z
296,Organic Coconut Water,2.79,Food - Beverages,2024-05-06T03:53:59Z,2024-12-14T06:11:31Z
297,Yoga Wheel,34.99,Fitness,2024-02-22T18:34:34Z,2024-11-06T02:31:53Z
298,Almond Butter Cookies,4.49,Food - Snacks,2024-02-05T12:50:08Z,2024-10-12T13:32:08Z
299,Italian Meatballs,8.49,Food - Meat,2024-03-07T20:47:13Z,2025-01-04T00:43:12Z
300,Electric Food Steamer,59.99,Kitchen,2023-12-25T18:22:14Z,2025-03-14T10:30:30Z
301,Adjustable Pedicure Footrest,39.99,Beauty,2024-05-08T06:27:35Z,2025-03-08T00:32:16Z
302,Electric Hot Pot,49.99,Kitchen,2024-07-23T10:12:58Z,2025-03-17T13:24:40Z
303,Sweet Cherry Tomatoes,2.99,Food - Produce,2023-10-05T14:35:29Z,2024-08-30T06:02:12Z
304,Pet Hair Vacuum Cleaner Attachment,14.99,Pets,2024-03-25T12:36:27Z,2025-06-14T06:23:18Z
305,Chocolate Coconut Granola,3.79,Food - Cereals,2024-02-13T21:45:27Z,2025-02-09T21:00:22Z
306,Mini Pretzels,2.99,Food - Snacks,2024-04-12T12:54:36Z,2025-03-18T14:41:43Z
307,Kids' Art Easel,58.99,Toys,2024-01-26T21:03:18Z,2025-04-18T22:44:55Z
308,Baking Soda,0.99,Food - Baking,2023-12-24T15:23:31Z,2025-07-04T13:48:37Z
309,Chickpeas,1.29,Food - Canned Goods,2024-07-29T07:36:18Z,2024-12-21T22:24:26Z
310,Chili Garlic Sauce,2.49,Food - Condiments,2024-04-13T21:04:48Z,2025-04-02T17:14:50Z
311,Ready-to-Eat Chili,2.99,Food - Soups,2023-10-26T13:40:38Z,2025-07-13T19:29:48Z
312,Fitbit Activity Tracker,99.99,Fitness,2024-04-02T19:35:03Z,2025-04-16T16:29:33Z
313,Quinoa,4.49,Food - Grains,2023-11-17T13:42:28Z,2025-02-09T03:32:27Z
314,Stainless Steel Travel Mug,19.99,Kitchen,2023-11-14T08:39:47Z,2024-10-28T07:24:38Z
315,Vegan Protein Powder,34.99,Health,2023-11-28T11:38:20Z,2025-08-01T07:41:00Z
316,Creamy Garlic Mashed Potatoes,3.99,Food - Sides,2023-09-08T02:58:04Z,2025-06-19T23:49:20Z
317,Hiking Boots,79.99,Footwear,2023-10-12T20:34:12Z,2025-01-31T05:42:00Z
318,Pet Grooming Glove,12.99,Pets,2024-02-29T08:15:10Z,2024-12-03T23:21:04Z
319,Sweet Chili Sauce,2.99,Food - Condiments,2023-11-14T13:08:18Z,2025-02-25T20:59:01Z
320,Coconut Bowls Set,22.99,Kitchen,2023-12-31T11:44:02Z,2025-03-28T03:46:47Z
321,Honeycrisp Apples,1.89,Food - Produce,2024-06-16T10:49:51Z,2024-08-28T07:35:08Z
322,Vegetable Stir-Fry Kit,6.99,Food - Produce,2023-12-13T11:51:01Z,2025-06-20T00:48:38Z
323,Mini Fondue Set,34.99,Kitchen,2024-02-28T07:42:33Z,2024-12-06T21:44:36Z
324,Travel Mug with Leak-Proof Lid,24.99,Kitchen,2024-07-23T09:17:41Z,2025-03-23T06:23:35Z
325,Casual Long Cardigan,45.99,Clothing - Outerwear,2024-05-08T08:48:15Z,2025-03-26T15:15:55Z
326,Marinara Sauce,3.49,Food - Condiments,2024-04-27T07:39:54Z,2025-07-30T20:39:19Z
327,Bluetooth Car Adapter,24.99,Automotive,2024-04-01T20:58:44Z,2024-12-08T01:34:41Z
328,Athletic Jogging Jacket,49.99,Clothing - Outerwear,2023-10-16T02:28:35Z,2025-07-04T01:04:42Z
329,Sweetened Condensed Milk,1.89,Food - Baking Goods,2024-03-11T08:59:14Z,2025-07-25T06:05:43Z
330,Non-Stick Baking Sheets,29.99,Kitchen,2024-07-13T11:49:07Z,2024-10-20T11:08:44Z
331,Phone Case,14.99,Accessories,2023-09-19T07:29:14Z,2025-02-10T13:01:07Z
332,Asian Salad Mix,3.99,Food - Produce,2023-11-19T00:59:46Z,2025-03-28T17:08:07Z
333,Salsa Verde,3.49,Food - Condiments,2023-10-12T22:35:52Z,2025-03-16T00:29:54Z
334,Mini Waffle Maker,24.99,Kitchen,2023-12-10T13:15:20Z,2025-06-28T02:42:15Z
335,Vegetable Sushi Rolls,5.99,Food - Prepared Meals,2024-05-12T11:59:32Z,2024-08-25T16:33:25Z
336,Smartphone Projector,29.99,Electronics,2024-01-15T22:57:14Z,2025-03-22T13:17:22Z
337,Professional Chef Knife,89.99,Kitchen,2024-06-19T12:15:40Z,2025-07-27T12:05:36Z
338,Peanut Butter Pretzel Nuggets,3.29,Food - Snacks,2024-04-17T01:04:45Z,2025-05-15T09:01:27Z
339,Pet Water Fountain,39.99,Pets,2024-07-19T13:30:27Z,2025-05-07T12:11:44Z
340,Saffron Rice Mix,2.99,Food - Grains,2024-07-19T13:46:06Z,2024-09-05T10:00:28Z
341,Electric Screwdriver,59.99,Tools,2024-03-18T04:54:28Z,2025-06-11T07:39:07Z
342,Wall Calendar,17.99,Home,2023-11-13T11:52:14Z,2025-01-15T23:47:52Z
343,Chocolate Peanut Butter Cups,2.29,Food - Snacks,2023-11-30T03:17:41Z,2025-06-21T07:28:49Z
344,Bluetooth Sleep Headphones,29.99,Audio,2023-12-17T20:59:22Z,2024-10-22T02:10:03Z
345,Sweet Potato Mash,3.99,Food - Frozen Foods,2024-04-23T06:34:13Z,2025-07-23T04:38:05Z
346,Fitness Foam Roller,29.99,Fitness,2024-07-17T16:15:08Z,2025-02-06T02:01:44Z
347,Printed Maxi Skirt,39.99,Clothing - Skirts,2024-01-22T08:58:33Z,2025-01-13T02:32:36Z
348,Artisan Pickles,2.49,Food - Condiments,2024-05-20T23:37:55Z,2025-02-24T02:20:18Z
349,Andouille Sausage,5.49,Food - Meat,2024-02-11T21:56:19Z,2025-08-01T11:51:40Z
350,Peanut Butter Granola,4.99,Food - Breakfast,2024-06-21T10:53:37Z,2025-02-18T16:17:47Z
351,Whole Wheat Bread,2.49,Food - Bakery,2024-04-24T02:01:53Z,2025-03-06T01:25:58Z
352,Reclining Camping Chair,49.99,Outdoor,2023-12-04T22:03:22Z,2025-05-29T12:10:11Z
353,Electric Kettle,39.99,Kitchen,2024-01-18T08:39:37Z,2025-05-08T08:37:06Z
354,Ice Cream,5.99,Food - Frozen Foods,2024-03-14T02:12:51Z,2025-07-10T20:40:03Z
355,Maple Almond Granola,5.49,Food - Breakfast,2023-09-30T08:10:25Z,2025-03-20T12:46:12Z
356,Herb Seasoned Couscous,2.49,Food - Grains,2024-02-12T17:49:25Z,2024-08-25T19:15:29Z
357,Electric Wine Opener,29.99,Kitchen,2023-08-27T10:25:51Z,2024-10-06T15:36:25Z
358,Essential Oil Diffuser,34.99,Health,2023-11-04T01:18:55Z,2024-09-24T07:50:40Z
359,Arcade Game Machine,299.99,Gaming,2024-04-25T09:14:11Z,2025-01-11T18:25:07Z
360,Chili Lime Corn Chips,2.79,Food - Snacks,2024-07-17T08:06:33Z,2024-11-08T04:36:59Z
361,LED Makeup Mirror,39.99,Beauty,2023-11-08T11:28:29Z,2025-02-15T22:20:23Z
362,Multifunctional Pocket Tool,19.99,Tools,2023-12-12T02:31:58Z,2024-11-02T19:40:44Z
363,Homestyle Chicken Noodle Soup,2.99,Food - Canned Goods,2023-10-19T14:34:18Z,2025-03-12T09:54:49Z
364,Almond Butter Cookies,4.49,Food - Snacks,2023-09-13T12:51:36Z,2025-07-01T13:36:17Z
365,Italian Sausage Links,5.99,Food - Meat & Poultry,2024-04-10T07:10:33Z,2024-11-06T17:25:02Z
366,Spaghetti Squash,3.99,Food - Produce,2023-09-20T17:38:14Z,2025-06-02T06:17:31Z
367,Plant-Based Cookbook,29.99,Books,2023-10-02T21:43:56Z,2025-08-05T18:29:22Z
368,Hibiscus Herbal Tea,3.29,Food - Beverages,2024-01-26T22:38:07Z,2024-08-20T14:17:31Z
369,Sweet and Spicy Barbecue Sauce,3.99,Food - Condiments,2024-08-10T05:48:13Z,2025-02-03T09:45:44Z
370,Vegan Protein Powder,34.99,Health,2024-07-25T01:14:03Z,2024-12-07T17:46:34Z
371,Roasted Vegetable Medley,3.99,Food - Frozen Foods,2024-01-19T22:37:05Z,2025-04-24T10:49:39Z
372,Vegetable Sushi Rolls,5.99,Food - Prepared Meals,2023-09-25T07:48:39Z,2025-01-26T19:23:07Z
373,Smart Water Bottle,39.99,Fitness,2024-01-22T13:28:37Z,2025-06-25T18:35:26Z
374,Shatterproof Wine Glasses,24.99,Outdoor,2024-07-20T14:48:25Z,2025-04-21T17:03:02Z
375,Electric Heat Press Machine,99.99,Crafts,2023-10-14T23:37:17Z,2025-02-22T04:11:49Z
376,Zucchini Noodle Pasta,3.99,Food - Vegetables,2024-02-10T02:31:37Z,2024-12-22T03:35:32Z
377,Organic Chia Seeds,7.99,Food - Health Foods,2023-10-05T08:59:14Z,2025-03-06T01:24:18Z
378,Air Purifier,129.99,Home,2024-02-23T14:04:35Z,2025-02-13T05:33:24Z
379,Pasta Portion Control Measure,9.99,Kitchen,2024-07-18T23:22:05Z,2024-08-12T04:37:04Z
380,Rustic Italian Breads,3.99,Food - Bakery,2023-09-16T14:45:41Z,2024-12-29T14:34:54Z
381,Wireless Earbud Silicone Covers,9.99,Accessories,2023-10-28T02:41:24Z,2025-06-27T05:45:14Z
382,Pet First Aid Kit,29.99,Pets,2024-01-13T07:07:36Z,2025-01-09T00:15:28Z
383,Smoked Paprika,2.99,Food - Spices,2023-08-31T16:05:43Z,2025-01-02T20:47:39Z
384,Avocado Lime Dressing,4.29,Food - Condiments,2024-07-29T19:54:46Z,2025-06-07T01:04:12Z
385,Gardening Tools Set,45,Garden,2023-08-16T01:28:06Z,2025-07-17T11:54:12Z
386,Andouille Sausage,5.49,Food - Meat,2024-03-24T22:04:59Z,2025-04-06T10:24:01Z
387,Sweet Pea Hummus,4.29,Food - Dips,2024-03-28T13:30:30Z,2024-12-10T23:13:41Z
388,Telescope,159.99,Outdoor,2024-03-17T05:36:45Z,2025-04-01T07:04:51Z
389,Memory Foam Pillow,39.99,Home,2024-03-15T00:10:39Z,2024-08-23T10:38:09Z
390,Compact Digital Camera,249.99,Photography,2024-06-01T17:42:48Z,2024-10-07T13:24:28Z
391,Foam Building Blocks for Kids,22.99,Toys,2024-02-27T15:38:42Z,2025-08-04T08:03:56Z
392,Smartphone Gimbal,89.99,Electronics,2024-01-15T22:44:43Z,2025-04-16T16:18:38Z
393,Travel Beach Blanket,29.99,Outdoor,2023-11-14T10:58:35Z,2025-02-04T04:33:08Z
394,Pineapple Coconut Rice Mix,3.99,Food - Grains,2024-08-01T03:46:21Z,2025-08-08T18:03:02Z
395,Tuna Fish (canned),2.29,Food - Canned Goods,2023-10-16T06:42:21Z,2025-01-02T18:06:18Z
396,Honey Almond Granola Bars,3.99,Food - Snacks,2023-11-13T14:30:23Z,2025-02-07T11:13:13Z
397,Classic Watch,99.99,Accessories,2024-02-09T12:35:05Z,2025-08-06T06:31:06Z
398,Air Mattress,49.99,Outdoor,2024-08-11T10:15:05Z,2025-06-01T08:35:25Z
399,Portable Air Purifier,69.99,Health,2024-06-04T16:00:14Z,2025-06-21T19:25:56Z
400,Whipped Cream Cheese,2.99,Food - Dairy,2024-04-04T15:41:44Z,2025-04-06T10:45:25Z
401,Baking Soda,0.99,Food - Baking,2023-11-11T06:12:54Z,2025-04-21T22:42:18Z
402,Travel Hair Straightener,29.99,Beauty,2023-11-20T10:04:24Z,2025-02-02T07:41:29Z
403,Falafel Mix,2.79,Food - Baking & Cooking,2024-03-17T00:14:55Z,2024-12-17T14:34:48Z
404,Herb Seasoned Couscous,2.49,Food - Grains,2024-02-05T15:30:13Z,2024-08-19T14:27:28Z
405,Rechargeable Electric Toothbrush,49.99,Health,2024-04-26T15:39:44Z,2024-10-08T14:43:57Z
406,Green Tea Matcha Powder,15.99,Food - Beverages,2024-02-03T06:57:24Z,2024-09-20T01:09:02Z
407,Organic Granola,5.49,Food - Breakfast,2024-08-06T20:21:43Z,2024-11-02T12:53:04Z
408,Chocolate Chip Muffins,3.99,Food - Bakery,2023-12-16T02:06:04Z,2025-01-16T20:48:06Z
409,Honey,5.49,Food - Condiments,2024-01-04T07:52:44Z,2025-02-28T02:00:28Z
410,Reusable Silicone Food Storage Bags,19.99,Kitchen,2023-12-28T06:45:46Z,2025-08-11T14:50:07Z
411,Vegetable Samosas,4.99,Food - Frozen,2023-09-01T01:32:27Z,2024-12-20T03:25:45Z
412,Zucchini Noodles,3.99,Food - Vegetables,2024-06-17T14:16:04Z,2025-04-11T10:14:02Z
413,Casual Long Cardigan,45.99,Clothing - Outerwear,2023-12-10T11:47:23Z,2025-06-10T16:24:47Z
414,Compost Bin,29.99,Garden,2024-02-13T13:31:24Z,2025-02-22T17:59:18Z
415,Tuna Fish (canned),2.29,Food - Canned Goods,2023-11-15T02:32:21Z,2024-12-30T23:02:54Z
416,Stainless Steel Straws,12.99,Kitchen,2023-10-23T02:58:11Z,2025-08-01T03:45:16Z
417,Stuffed Peppers with Quinoa,7.99,Food - Prepared Meals,2024-06-27T05:53:57Z,2024-11-11T19:28:15Z
418,Almond Joy Protein Bars,1.99,Food - Snacks,2023-08-19T09:49:23Z,2024-12-03T02:00:00Z
419,Electric Bike,899.99,Bicycles,2024-01-26T05:40:33Z,2024-09-09T21:20:52Z
420,Handmade Leather Wallet,49.99,Accessories,2023-11-14T17:07:25Z,2025-01-13T20:17:11Z
421,Lightweight Rain Jacket,79.99,Clothing - Outerwear,2023-08-24T17:52:22Z,2024-08-17T21:42:11Z
422,Memory Foam Mattress Topper,109.99,Home,2024-01-10T23:01:26Z,2024-12-09T22:01:10Z
423,Wireless Earbud Silicone Covers,9.99,Accessories,2024-08-01T06:46:31Z,2024-12-02T05:01:24Z
424,Camping Lantern,34.99,Outdoor,2024-07-04T06:56:31Z,2025-03-28T22:26:00Z
425,Telescope,159.99,Outdoor,2023-10-15T09:09:32Z,2024-09-08T12:49:21Z
426,Ribbed Knit Dress,59.99,Clothing - Dresses,2024-04-07T07:54:24Z,2025-03-14T03:27:35Z
427,Silicone Ice Cube Tray,10.99,Kitchen,2023-08-22T09:57:15Z,2024-12-04T09:04:01Z
428,Cereal Dispenser with Portion Control,24.99,Kitchen,2024-03-19T20:53:35Z,2024-12-07T16:04:25Z
429,Lemon Dill Chicken Skewers,9.99,Food - Meat,2024-07-19T11:49:37Z,2025-07-16T09:46:35Z
430,Mechanical Keyboard,99.99,Computers,2023-12-30T16:06:10Z,2025-05-03T04:11:38Z
431,Free-Range Eggs,3.99,Food - Dairy,2024-01-16T12:22:09Z,2024-08-17T17:20:01Z
432,Organic Almond Flour,6.99,Food - Baking,2024-05-25T20:33:17Z,2025-05-24T22:46:05Z
433,Leather Notebook Cover,29.99,Office,2024-05-31T10:14:53Z,2025-04-27T13:01:55Z
434,Over-Ear Headphones,59.99,Audio,2024-04-26T03:11:57Z,2025-06-29T11:38:26Z
435,Portable Hammock,27.99,Outdoor,2024-06-01T19:12:58Z,2025-07-21T00:31:02Z
436,Frozen Mixed Berries,5.99,Food - Frozen Foods,2024-02-05T21:31:23Z,2024-10-15T10:46:38Z
437,LED Under Cabinet Lighting,29.99,Home,2024-01-31T09:41:24Z,2025-08-02T08:03:33Z
438,Portable Jump Starter,59.99,Automotive,2024-08-09T06:13:23Z,2025-08-03T10:34:05Z
439,Vegetable Pizza Rolls,6.49,Food - Frozen Foods,2024-07-24T16:27:44Z,2025-02-23T14:14:10Z
440,Watering Can with Nozzle,19.99,Garden,2023-12-14T05:59:58Z,2024-11-18T17:00:51Z
441,Athletic Compression Tights,39.99,Clothing - Activewear,2023-11-28T12:55:21Z,2024-09-01T10:52:00Z
442,Waffle Maker,39.99,Kitchen,2024-07-27T07:39:33Z,2024-08-12T03:35:55Z
443,Manual Coffee Grinder,22.99,Kitchen,2024-06-25T23:21:16Z,2025-04-12T00:32:05Z
444,Frozen Fruit Medley,5.99,Food - Frozen Foods,2023-11-27T15:02:38Z,2024-10-13T11:14:33Z
445,Sliced Ham,5.49,Food - Meat,2023-11-01T22:44:48Z,2024-11-06T00:01:20Z
446,V-Neck Sweater,49.99,Clothing - Tops,2023-09-24T07:24:24Z,2024-11-08T08:23:10Z
447,Sketchbook,14.99,Art Supplies,2024-01-31T00:49:51Z,2024-09-27T04:57:25Z
448,Chickpea Salad,5.49,Food - Prepared Foods,2023-09-25T05:56:25Z,2024-11-18T14:45:39Z
449,Electric Hot Pot,49.99,Kitchen,2024-01-14T13:11:38Z,2025-01-14T08:15:30Z
450,Outdoor Picnic Blanket,34.99,Outdoor,2024-04-02T14:52:32Z,2024-10-13T00:26:51Z
451,Asian Stir-Fry Kit,5.49,Food - Frozen Meals,2024-03-26T00:01:38Z,2025-07-03T00:04:42Z
452,Compact Shoe Rack,34.99,Home,2024-02-17T17:54:53Z,2024-08-18T00:41:45Z
453,Sun Protection Clothing,44.99,Clothing,2023-10-29T10:39:08Z,2025-05-18T05:49:31Z
454,Maple Pecan Pancake Mix,4.99,Food - Breakfast,2024-05-10T08:08:26Z,2025-03-05T18:58:54Z
455,Adjustable Kitchen Broom Stand,14.99,Home,2023-11-05T06:37:11Z,2025-01-20T19:47:37Z
456,Spinach Artichoke Dip,4.99,Food - Snacks,2024-04-29T13:21:50Z,2025-03-04T06:40:45Z
457,Screen Cleaning Kit,15.99,Electronics,2024-05-25T08:27:28Z,2025-06-16T21:10:40Z
458,Granola Clusters,4.99,Food - Cereal,2024-07-14T12:05:43Z,2025-04-07T03:37:21Z
459,Electric Knife,39.99,Kitchen,2024-07-25T07:43:52Z,2024-10-07T20:54:41Z
460,Sweet Chili Dipping Sauce,2.99,Food - Condiments,2024-05-22T07:59:35Z,2024-12-03T12:12:55Z
461,Almond Joy Bars,1.29,Food - Confectionery,2024-04-03T04:40:51Z,2025-03-06T07:15:17Z
462,Marinara Parmesan Baked Ziti,8.49,Food - Frozen Meals,2023-10-28T05:53:19Z,2024-12-05T07:50:30Z
463,Taro Chips,3.59,Food - Snacks,2024-04-19T22:21:50Z,2024-12-02T21:24:56Z
464,Instant Read Meat Thermometer,24.99,Kitchen,2023-10-29T15:10:20Z,2024-11-13T07:00:29Z
465,Organic Cucumber,1.29,Food - Vegetables,2023-11-16T10:37:40Z,2024-10-02T01:24:29Z
466,Basic V-Neck T-Shirt,19.99,Clothing - Tops,2024-05-14T00:57:13Z,2025-06-01T21:34:42Z
467,Multi-Purpose Marine Rope,19.99,Outdoor,2023-09-04T17:59:52Z,2025-04-17T14:26:11Z
468,Black Bean Soup,3.49,Food - Soups,2024-02-23T19:28:40Z,2024-10-26T17:04:56Z
469,Drone,249.99,Electronics,2024-04-24T21:22:40Z,2024-11-21T09:53:54Z
470,Caramel Sauce,3.49,Food - Condiments,2024-01-21T06:46:59Z,2025-07-30T14:35:29Z
471,Quinoa and Kale Salad Kit,5.29,Food - Salads,2024-05-21T05:22:05Z,2025-06-18T13:38:43Z
472,Green Smoothie Mix,5.99,Food - Beverages,2024-01-07T06:17:07Z,2025-02-04T15:01:53Z
473,Compact Umbrella,12.99,Accessories,2023-11-02T21:20:01Z,2025-02-20T19:53:08Z
474,Backpack,49.99,Accessories,2024-04-23T15:33:27Z,2025-03-13T14:49:37Z
475,Gluten-Free Brownies,4.99,Food - Baking,2023-09-28T14:29:10Z,2024-11-16T08:43:51Z
476,Printed Maxi Skirt,39.99,Clothing - Skirts,2024-04-08T04:34:04Z,2024-09-08T09:37:24Z
477,Matcha Green Tea Powder,14.99,Food - Beverages,2024-04-13T16:30:47Z,2024-09-14T12:45:33Z
478,Inflatable Paddle Board,349.99,Outdoor,2024-08-06T10:27:48Z,2025-02-24T04:50:12Z
479,LED Canopy Lights,29.99,Outdoor,2023-09-02T19:39:23Z,2024-09-30T00:19:10Z
480,Compressed Towel Tablets,12.99,Travel,2024-05-11T01:51:38Z,2025-07-09T02:16:40Z
481,Sketchbook,14.99,Art Supplies,2023-09-05T06:07:38Z,2024-09-28T06:56:54Z
482,Silicone Ice Cube Tray,10.99,Kitchen,2023-10-02T15:41:12Z,2025-07-26T16:06:27Z
483,Smart Thermostat,149.99,Smart Home,2024-06-03T22:26:04Z,2024-11-24T10:30:16Z
484,Kettle Corn Popcorn,2.99,Food - Snacks,2024-02-24T08:25:33Z,2024-10-09T17:27:48Z
485,Dried Cranberries,4.29,Food - Snacks,2024-02-03T17:40:18Z,2024-10-02T00:48:59Z
486,Sesame Oil,3.99,Food - Oils & Vinegars,2023-09-03T15:02:01Z,2025-07-29T13:24:28Z
487,Turkey Bacon,3.99,Food - Meat,2024-01-01T09:57:20Z,2024-11-19T14:37:00Z
488,Travel Shoe Bags Set,15.99,Travel,2023-09-11T12:49:47Z,2025-02-14T11:14:39Z
489,Vegetable Stock,2.49,Food - Cooking Essentials,2023-11-08T07:24:25Z,2025-07-13T20:52:28Z
490,Lemon Sorbet,4.99,Food - Frozen Desserts,2023-08-14T17:27:04Z,2025-05-27T00:03:21Z
491,Oven-Baked Parmesan Zucchini,4.99,Food - Frozen Vegetables,2024-06-30T20:10:57Z,2024-10-09T19:12:53Z
492,Vegan Chickpea Salad,3.99,Food - Prepared Foods,2024-04-22T12:51:34Z,2025-06-08T18:09:58Z
493,Dog Walking Waist Pack,19.99,Pets,2023-10-02T13:05:25Z,2025-01-08T23:10:48Z
494,Sea Salt Caramel Brownie,2.49,Food - Bakery,2024-05-21T11:17:08Z,2024-09-02T20:03:41Z
495,Whole Roasted Chicken,9.99,Food - Meats,2024-06-02T04:48:11Z,2025-02-21T07:42:07Z
496,Tea Infuser,12.99,Kitchen,2023-10-22T14:49:09Z,2024-10-24T08:12:22Z
497,Electric Fondue Pot,39.99,Kitchen,2024-03-06T05:58:12Z,2025-04-09T02:36:36Z
498,Coconut Flakes,3.29,Food - Baking,2023-10-10T17:58:24Z,2024-11-19T17:17:04Z
499,Savory Mushroom Risotto,6.49,Food - Gourmet Rice,2024-05-27T09:21:52Z,2024-11-02T04:50:12Z
500,Vegetable Potstickers,5.99,Food - Frozen Food,2024-06-12T18:37:30Z,2024-08-30T07:24:59Z
501,Travel Makeup Organizer,25.99,Beauty,2023-09-16T10:11:39Z,2025-02-18T05:42:00Z
502,Buffalo Stilton Cheese,8.99,Food - Cheese,2024-05-21T22:12:05Z,2025-05-24T14:59:07Z
503,Luxury Bath Salts,19.99,Beauty,2024-08-04T02:36:27Z,2024-08-16T03:51:49Z
504,Spicy Roasted Nuts,4.99,Food - Snacks,2024-07-02T07:01:35Z,2025-06-29T07:44:55Z
505,Athletic Jogging Jacket,49.99,Clothing - Outerwear,2024-04-19T05:43:53Z,2025-03-18T09:18:06Z
506,Cauliflower Rice Stir-Fry,4.99,Food - Frozen Foods,2024-06-04T05:01:12Z,2025-06-24T10:39:21Z
507,Aeropress Coffee Maker,29.99,Kitchen,2023-10-21T06:08:45Z,2025-08-02T20:33:06Z
508,Puzzle,27.99,Toys,2024-01-14T02:32:25Z,2025-02-20T21:52:09Z
509,Thyme,2.49,Food - Fresh Produce,2024-01-17T11:10:53Z,2025-01-27T21:07:06Z
510,Chili Beans (canned),1.69,Food - Canned Goods,2024-08-05T20:33:39Z,2025-01-01T09:44:54Z
511,Memory Card,15.99,Storage,2024-07-22T16:11:28Z,2025-04-01T23:08:43Z
512,Multifunctional Baby Bottle Warmer,39.99,Baby,2024-03-18T19:52:16Z,2025-06-21T23:20:14Z
513,Herb Garden Planter Box,49.99,Garden,2023-12-25T20:37:15Z,2025-04-19T20:04:06Z
514,Berries Medley,6.99,Food - Produce,2023-09-19T20:28:04Z,2024-11-01T20:11:48Z
515,Rechargeable Electric Toothbrush,49.99,Health,2023-12-08T01:13:51Z,2025-03-16T00:00:24Z
516,Elegant Lace Dress,79.99,Clothing - Dresses,2023-09-19T14:27:33Z,2024-11-08T18:50:45Z
517,Whole Grain Mustard,3.49,Food - Condiments,2024-06-30T22:58:56Z,2024-12-30T14:02:58Z
518,Thermostatic Shower Valve Kit,39.99,Bathroom,2024-03-24T15:07:17Z,2025-03-06T05:20:20Z
519,Dark Chocolate Almond Butter Cups,4.99,Food - Snacks,2024-02-28T04:29:01Z,2025-01-31T05:08:49Z
520,Pita Bread,2.99,Food - Bakery,2023-09-08T01:52:51Z,2024-08-24T18:45:33Z
521,Peanut Butter Cookies,3.49,Food - Bakery,2023-12-28T19:12:59Z,2024-12-05T21:54:15Z
522,Elderberry Syrup Kit,22.99,Health,2023-10-20T01:12:05Z,2025-07-11T05:36:38Z
523,Gaming Mousepad,19.99,Gaming,2023-10-14T09:43:00Z,2025-07-14T21:22:41Z
524,Portable Leaf Blower,149.99,Outdoor,2024-06-30T16:20:27Z,2025-04-14T10:30:43Z
525,Organic Green Lentils,3.99,Food - Grocery,2024-05-28T07:06:19Z,2025-05-08T20:07:14Z
526,Garden Tool Set,34.99,Garden,2024-04-09T04:07:49Z,2025-03-16T12:28:38Z
527,Air Fryer Oven,149.99,Kitchen,2024-05-06T15:58:32Z,2024-09-22T03:24:57Z
528,Savory Quinoa Pudding,2.99,Food - Sides,2023-10-26T23:48:58Z,2025-03-11T15:50:54Z
529,Honey Roasted Almonds,4.99,Food - Snacks,2023-09-20T05:59:51Z,2024-11-12T01:47:07Z
530,Handheld Shower Head,34.99,Bathroom,2024-07-16T15:20:15Z,2025-02-21T23:31:35Z
531,Adjustable Dumbbells,249.99,Fitness,2024-04-13T13:39:02Z,2025-01-31T23:23:50Z
532,Pet Water Bottle,18.99,Pets,2023-09-25T13:23:01Z,2025-03-22T07:57:34Z
533,Multi-Purpose Plant Care Tool,24.99,Garden,2024-07-30T05:02:45Z,2024-09-14T07:56:16Z
534,Lightweight Rain Jacket,79.99,Clothing - Outerwear,2024-03-12T01:08:36Z,2025-04-02T08:22:32Z
535,Pepper Jack Cheese Slices,3.49,Food - Dairy,2024-06-11T05:09:16Z,2025-05-12T23:40:59Z
536,Organic Quinoa,4.29,Food - Grains,2023-11-03T20:58:13Z,2024-08-22T20:34:28Z
537,Toy Building Set,29.99,Toys,2024-04-21T09:00:16Z,2025-08-11T21:52:16Z
538,Personal Blender with Travel Lid,34.99,Kitchen,2024-03-24T12:59:07Z,2024-08-16T20:32:31Z
539,Insulated Lunch Box,24.99,Kitchen,2024-02-23T14:11:27Z,2024-09-29T09:29:17Z
540,Smartphone Tripod with Bluetooth Remote,29.99,Photography,2024-06-19T10:14:46Z,2025-07-29T15:07:02Z
541,Ceramic Cookware Set,179.99,Kitchen,2024-06-12T06:12:02Z,2025-07-14T21:09:13Z
542,Active Racerback Tank,24.99,Clothing - Tops,2024-07-26T10:49:38Z,2025-06-04T16:12:43Z
543,Tofu,2.49,Food - Meat Alternatives,2023-11-12T19:54:50Z,2025-05-31T03:32:02Z
544,Magnetic Screen Door,24.99,Outdoor,2023-09-29T07:56:42Z,2025-05-23T22:02:51Z
545,DIY Lip Balm Kit,22.99,Crafts,2023-11-23T08:38:01Z,2025-06-27T15:25:34Z
546,Over-the-Door Hooks,12.99,Home,2024-07-14T12:26:18Z,2025-06-30T07:41:37Z
547,Camping Tent,79.99,Outdoor,2024-07-29T10:38:07Z,2024-11-04T11:48:32Z
548,Rice Noodles,3.49,Food - Grains,2024-05-31T18:19:20Z,2025-03-15T01:58:05Z
549,Mini Projector,169.99,Electronics,2024-06-25T12:19:39Z,2025-04-13T12:42:04Z
550,Bamboo Toothbrush Holder,14.99,Health,2023-11-25T07:19:09Z,2024-10-28T12:27:03Z
551,Pineapple Salsa,4.29,Food - Condiments,2023-12-10T01:07:20Z,2025-07-04T23:34:06Z
552,Home Karaoke System,129.99,Audio,2024-04-26T16:12:09Z,2024-12-19T01:47:24Z
553,Travel Yoga Mat,34.99,Fitness,2023-09-01T09:05:17Z,2024-09-26T23:10:42Z
554,Kids' Outdoor Explorer Kit,24.99,Toys,2023-12-10T20:09:51Z,2024-12-21T15:51:44Z
555,Canvas Tote Bag,19.99,Clothing - Accessories,2024-06-23T13:59:05Z,2025-03-17T17:33:35Z
556,Travel Sewing Kit,12.99,Travel,2023-12-13T09:38:21Z,2024-10-22T12:03:56Z
557,Chickpea Salad,5.49,Food - Prepared Foods,2023-10-27T01:30:44Z,2024-11-21T00:29:28Z
558,Basketball,29.99,Sports,2024-04-29T11:59:00Z,2025-05-05T00:25:57Z
559,Buffalo Cauliflower Wings,6.99,Food - Frozen Foods,2024-02-19T22:45:18Z,2024-12-05T18:56:36Z
560,Cajun Seasoning,1.99,Food - Spices,2023-10-31T16:55:04Z,2025-08-07T20:57:23Z
561,Reusable Produce Bags Set,14.99,Kitchen,2023-08-15T23:32:51Z,2024-12-30T23:40:55Z
562,Electric Kettle with Temperature Control,49.99,Kitchen,2023-11-03T18:11:58Z,2024-09-17T00:24:45Z
563,Wireless HDMI Receiver,49.99,Electronics,2024-01-14T02:28:15Z,2025-07-18T14:46:32Z
564,Vegan Alfredo Sauce,4.99,Food - Sauces,2024-06-14T05:00:59Z,2025-07-30T11:00:34Z
565,Honey Nut Cheerios,4.29,Food - Cereal,2023-10-02T21:26:36Z,2024-12-04T08:19:59Z
566,Freestanding Wine Rack,79.99,Home,2024-03-23T18:46:11Z,2025-06-18T22:21:52Z
567,Reusable Coffee Filter,10.99,Kitchen,2024-04-02T11:16:42Z,2024-10-18T15:19:46Z
568,Whisk Set,12.99,Kitchen,2023-11-07T04:26:47Z,2024-11-10T22:30:07Z
569,Window Blinds,59.99,Home,2023-08-14T03:34:45Z,2025-02-23T17:12:36Z
570,Breezy Off-The-Shoulder Top,34.99,Clothing - Tops,2024-05-02T06:21:52Z,2025-06-28T01:13:35Z
571,Collapsible Folding Chair,29.99,Outdoor,2023-09-08T22:17:17Z,2025-06-14T17:26:54Z
572,Chipotle Black Bean Burger,4.99,Food - Meats,2024-06-21T07:54:06Z,2025-03-22T23:54:43Z
573,Teriyaki Chicken Wings,10.99,Food - Frozen Food,2023-10-06T20:36:09Z,2024-08-28T04:43:25Z
574,Creamy Avocado Dip,3.49,Food - Snacks,2024-04-24T12:43:27Z,2025-02-15T22:53:06Z
575,Pasta Maker,39,Kitchen,2023-10-15T01:13:55Z,2024-09-28T08:32:30Z
576,Lemon Herb Quinoa,3.49,Food - Grains,2024-04-12T08:05:50Z,2025-03-23T07:18:15Z
577,Decorative LED Neon Sign,45.99,Home,2023-11-29T01:04:42Z,2025-03-09T06:59:11Z
578,Electrolyte Water Bottle,34.99,Fitness,2024-04-16T02:22:13Z,2025-03-20T20:42:59Z
579,Herbal Tea Set,19.99,Food,2024-04-29T01:07:52Z,2024-09-28T06:54:48Z
580,Spinach Feta Wraps,4.29,Food - Deli,2023-12-24T14:37:01Z,2025-03-30T16:07:25Z
581,Spicy Italian Sausage,4.99,Food - Meat & Seafood,2024-07-27T17:05:24Z,2025-01-13T20:50:47Z
582,Beef Tacos,5.49,Food - Meat,2024-01-03T09:58:46Z,2024-09-03T05:20:11Z
583,Coconut Lime Rice,2.99,Food - Sides,2024-01-17T02:10:56Z,2025-07-21T14:02:15Z
584,Eco-Friendly Yoga Blocks,15.99,Fitness,2024-04-02T12:42:59Z,2025-04-05T06:21:58Z
585,Overnight Hiking Backpack,79.99,Outdoor,2024-06-07T14:22:17Z,2024-09-07T19:54:31Z
586,Biodegradable Dog Waste Bags,14.99,Pets,2023-08-30T20:45:31Z,2025-07-03T05:30:40Z
587,Grapes (red),3.49,Food - Produce,2023-09-27T01:03:23Z,2025-07-27T11:25:34Z
588,Vegan Cheese,4.99,Food - Dairy Alternatives,2024-01-08T06:08:06Z,2025-06-08T12:56:45Z
589,Chili Con Carne Mix,2.99,Food - Spices & Seasonings,2024-03-24T07:12:36Z,2025-02-10T05:54:27Z
590,Electronic Drum Kit,359.99,Music,2023-11-29T02:36:01Z,2024-09-20T00:10:27Z
591,Portable Solar Path Lights,39.99,Outdoor,2024-01-27T14:00:16Z,2024-12-25T22:22:53Z
592,Mango Chutney,3.99,Food - Condiments,2024-04-08T12:47:38Z,2025-03-26T06:47:31Z
593,Scent Diffuser Oil,14.99,Home,2024-05-30T20:40:37Z,2025-03-01T07:18:23Z
594,Silicone Baking Mats,19.99,Kitchen,2023-12-22T12:31:08Z,2024-10-05T02:24:07Z
595,Denim Jacket,69.99,Clothing - Outerwear,2024-06-13T13:54:56Z,2025-03-19T01:35:44Z
596,Dog Frisbee Toy,10.99,Pets,2023-11-23T04:50:51Z,2024-08-15T05:42:18Z
597,Wooden Kitchen Utensil Set,19.99,Kitchen,2024-08-04T03:16:22Z,2024-10-25T10:43:51Z
598,Canvas Wall Art,39.99,Home,2024-04-29T05:21:25Z,2024-10-10T14:07:15Z
599,Mango Chutney,3.99,Food - Condiments,2024-01-24T04:01:17Z,2025-06-24T08:54:31Z
600,Adjustable Garden Rake,22.99,Garden,2024-03-27T11:29:33Z,2025-04-24T12:29:55Z
601,Falafel Mix,2.79,Food - Baking & Cooking,2024-04-11T23:44:56Z,2024-11-29T13:38:05Z
602,Cinnamon Raisin Bread,3.79,Food - Bakery,2023-09-14T06:24:45Z,2024-11-04T06:19:37Z
603,Hibiscus Herbal Tea,3.29,Food - Beverages,2024-03-29T23:02:09Z,2024-09-23T02:01:38Z
604,Teriyaki Chicken Bowl,6.49,Food - Prepared Meals,2023-11-19T16:23:17Z,2024-08-26T03:31:37Z
605,Shredded Cheese,4.29,Food - Dairy,2023-11-21T20:55:32Z,2024-09-30T09:15:30Z
606,Grapes (red),3.49,Food - Produce,2024-01-19T20:37:33Z,2024-09-04T14:39:58Z
607,Tailgating Set,89.99,Outdoor,2024-03-04T21:36:37Z,2025-02-07T06:10:27Z
608,Chili Lime Shrimp,8.99,Food - Seafood,2024-01-07T00:57:59Z,2024-10-23T01:51:39Z
609,Frozen Acai Pure,6.99,Food - Frozen,2024-06-24T15:38:33Z,2025-05-26T14:48:05Z
610,Smart Water Bottle with Hydration Reminder,39.99,Fitness,2024-06-22T17:47:21Z,2025-06-14T21:41:02Z
611,Mango Sticky Rice Dessert,4.5,Food - Frozen Desserts,2024-04-18T18:25:02Z,2024-12-13T05:18:32Z
612,Camping Chair with Cooler,49.99,Outdoor,2023-11-03T15:59:17Z,2024-09-09T16:53:16Z
613,Chickpea Flour,3.29,Food - Baking,2024-05-20T06:36:53Z,2025-03-07T21:39:50Z
614,Chocolate Chip Cookie Dough,5.49,Food - Baking,2023-08-22T13:17:57Z,2024-10-29T08:18:41Z
615,Wire Shelving Unit,69.99,Home,2023-11-16T22:26:23Z,2025-04-11T11:32:07Z
616,Winter Insulated Jacket,89.99,Clothing,2023-10-31T02:42:06Z,2024-11-19T05:55:27Z
617,Thermostatic Shower Valve Kit,39.99,Bathroom,2023-11-07T22:07:51Z,2025-05-09T04:53:51Z
618,Kettle Corn Popcorn,2.99,Food - Snacks,2024-07-31T16:57:45Z,2024-10-02T14:18:07Z
619,Blueberry Chia Jam,4.99,Food - Spreads,2024-03-12T13:27:41Z,2025-03-17T11:05:48Z
620,Magnetic Spice Containers,24.99,Kitchen,2024-07-05T21:10:54Z,2025-03-03T00:34:29Z
621,Ceramic Bakeware Set,49.99,Kitchen,2024-03-11T19:30:24Z,2024-12-24T00:51:22Z
622,Canned Coconut Milk,1.89,Food - Canned Goods,2023-10-30T07:03:14Z,2024-11-17T23:41:40Z
623,Marinated Artichokes,3.79,Food - Vegetables,2023-11-28T08:34:42Z,2025-03-06T04:55:48Z
624,Honey Mustard Chicken Breasts,8.99,Food - Meat,2024-05-16T10:24:35Z,2024-10-19T18:59:02Z
625,Flavored Instant Oatmeal,2.99,Food - Breakfast,2024-01-09T00:53:09Z,2025-06-04T02:12:11Z
626,Sliced Bell Peppers,3.99,Food - Fresh Produce,2024-06-01T05:13:19Z,2024-10-21T03:26:33Z
627,Gluten-Free Biscuits,3.79,Food - Baking,2024-03-16T04:27:24Z,2025-07-05T15:54:43Z
628,Mixed Berry Smoothie Pack,5.99,Food - Frozen Food,2024-01-25T00:39:22Z,2025-02-26T22:31:26Z
629,Travel Yoga Mat,34.99,Fitness,2024-03-18T10:47:14Z,2024-08-23T02:14:02Z
630,Classic Beef Chili,7.99,Food - Canned Goods,2024-04-17T00:44:19Z,2025-05-23T23:32:01Z
631,Stainless Steel Water Pitcher,39.99,Kitchen,2023-09-06T06:39:54Z,2024-09-27T14:40:25Z
632,Automatic Pet Feeder,69.99,Pets,2024-05-09T03:44:04Z,2025-05-01T10:50:28Z
633,High-Speed HDMI Cable,12.99,Electronics,2024-03-21T17:47:42Z,2025-06-30T05:57:36Z
634,Almond Joy Snack Bars,2.99,Food - Snacks,2024-08-01T17:05:37Z,2024-12-25T02:08:07Z
635,Energy Bites,3.99,Food - Snacks,2024-01-21T23:49:28Z,2024-08-16T09:37:11Z
636,Vacuum Sealer Machine,89.99,Kitchen,2023-11-04T08:31:37Z,2025-03-21T07:59:11Z
637,Cinnamon Sugar Tortilla Chips,3.29,Food - Snacks,2024-03-03T21:01:07Z,2025-02-04T03:12:14Z
638,Mini Food Processor,39.99,Kitchen,2023-10-09T21:57:43Z,2025-03-09T17:48:00Z
639,Cinnamon Sugar Tortilla Chips,3.29,Food - Snacks,2024-02-26T03:08:38Z,2025-03-27T00:44:30Z
640,Pest Control Traps,22.99,Home,2023-11-20T18:47:00Z,2024-12-01T19:40:23Z
641,Coconut Cream Pie Yogurt,1.99,Food - Dairy Alternatives,2023-11-21T15:05:41Z,2025-01-01T21:16:17Z
642,Skincare Fridge,39.99,Beauty,2023-09-12T16:58:56Z,2025-01-23T08:37:51Z
643,Puzzle Game Set,34.99,Toys,2024-07-21T12:02:55Z,2024-09-29T15:06:47Z
644,Organic Coconut Sugar,4.19,Food - Baking Goods,2024-07-11T09:29:47Z,2024-10-30T15:00:40Z
645,Water-Resistant Bluetooth Speaker,59.99,Audio,2023-12-27T11:51:37Z,2025-03-10T15:38:44Z
646,Pet Bed with Removable Cover,49.99,Pets,2023-10-16T21:16:47Z,2025-03-20T01:40:24Z
647,Computer Monitor Stand,29.99,Office,2024-08-09T21:02:25Z,2025-05-07T14:13:32Z
648,Laptop Sleeve,24.99,Accessories,2024-05-22T09:33:09Z,2025-05-06T10:16:05Z
649,Sesame Seeds,1.99,Food - Baking,2023-11-21T16:56:21Z,2025-03-23T00:36:18Z
650,Peach Salsa,3.29,Food - Dips,2024-06-26T04:10:13Z,2025-06-09T11:15:35Z
651,Wild Rice Pilaf,3.79,Food - Grains,2023-09-16T04:07:31Z,2024-12-04T13:03:46Z
652,Lentils,2.99,Food - Grains,2023-11-29T08:06:07Z,2025-03-21T18:25:17Z
653,Luxury Bath Robe,49.99,Clothing,2024-01-11T22:53:17Z,2024-08-12T03:06:18Z
654,Casual Sneakers,39.99,Clothing - Footwear,2023-11-19T06:43:08Z,2025-01-17T21:44:42Z
655,Pet Carrier Backpack,39.99,Pets,2024-02-16T01:11:43Z,2025-02-28T11:45:53Z
656,Travel Beach Blanket,29.99,Outdoor,2023-11-08T20:22:22Z,2025-07-04T12:43:59Z
657,Memory Foam Mattress Pad,69.99,Home,2024-02-19T10:14:42Z,2024-12-10T14:10:11Z
658,Mini Projector,169.99,Electronics,2024-08-08T22:41:14Z,2025-05-12T18:16:38Z
659,Aged White Cheddar Popcorn,2.99,Food - Snacks,2024-03-14T19:34:42Z,2024-11-28T17:32:13Z
660,Cinnamon Roll Kit,6.89,Food - Baking,2024-02-17T14:35:22Z,2025-06-15T12:19:52Z
661,Magnetic Curtain Tiebacks,12.99,Home,2024-06-28T08:18:56Z,2025-03-14T15:59:16Z
662,Pressure Cooker,89,Kitchen,2024-02-22T17:23:00Z,2025-07-24T10:46:24Z
663,Toasted Coconut Granola,4.99,Food - Breakfast,2023-12-26T17:06:09Z,2025-07-17T18:31:38Z
664,Mechanical Pencil Set,19.99,Office,2023-12-01T11:40:08Z,2025-02-10T21:46:17Z
665,Sweetened Condensed Milk,1.89,Food - Baking Goods,2024-04-02T15:22:21Z,2025-01-22T15:16:05Z
666,Cinnamon Apple Sauce,2.49,Food - Canned Goods,2024-03-23T01:46:46Z,2025-03-07T20:40:40Z
667,Travel Shoe Bags Set,15.99,Travel,2023-11-27T18:53:51Z,2025-02-15T20:02:59Z
668,Sweet and Sour Sauce,2.79,Food - Condiments,2024-03-26T04:36:11Z,2024-09-08T16:53:14Z
669,Non-Toxic Crayons for Kids,10.99,Toys,2024-03-17T11:30:54Z,2025-02-06T00:26:46Z
670,Aeropress Coffee Maker,29.99,Kitchen,2023-12-12T19:36:08Z,2025-03-21T13:13:19Z
671,Electrolyte Water Bottle,34.99,Fitness,2024-01-09T00:21:14Z,2024-09-28T18:15:55Z
672,Cranberry Orange Oatmeal,2.49,Food - Breakfast,2024-02-19T21:55:01Z,2024-09-05T17:54:14Z
673,Kale and Quinoa Salad,6.49,Food - Salads,2024-03-14T08:54:38Z,2025-07-23T17:17:26Z
674,Dark Chocolate Covered Almonds,7.19,Food - Snacks,2024-03-21T14:56:57Z,2024-10-17T08:04:11Z
675,Tea Infuser,12.99,Kitchen,2024-02-17T12:23:28Z,2025-02-21T05:00:14Z
676,Teriyaki Beef Strips,7.49,Food - Frozen Meals,2024-02-24T07:14:22Z,2025-04-29T00:24:28Z
677,Outdoor Picnic Blanket,34.99,Outdoor,2024-01-10T14:45:49Z,2025-07-25T12:15:47Z
678,Sunglasses Case,15.99,Accessories,2024-07-29T01:32:55Z,2025-01-30T00:37:44Z
679,Protein Pancake Mix,3.99,Food - Breakfast,2024-03-29T15:19:52Z,2025-07-26T14:47:42Z
680,Kale Salad with Lemon Dressing,4.99,Food - Salads,2024-04-04T06:46:54Z,2025-05-05T00:48:10Z
681,Coconut Cream Pie Yogurt,1.99,Food - Dairy Alternatives,2024-08-09T03:33:20Z,2024-09-15T21:15:25Z
682,Caraway Rye Bread,4.79,Food - Bakery,2024-07-07T00:34:43Z,2025-03-09T08:36:33Z
683,Chocolate Chip Cookie Dough,5.49,Food - Baking,2023-12-14T10:51:29Z,2024-09-09T23:16:40Z
684,Peanut Butter Banana Smoothie,3.99,Food - Beverages,2024-08-03T07:04:49Z,2024-09-17T13:34:28Z
685,Ranch Dressing,2.59,Food - Condiments,2024-04-22T07:19:17Z,2024-08-17T14:04:29Z
686,Lemon Basil Pasta Sauce,4.99,Food - Sauces,2024-01-11T22:16:52Z,2025-06-03T12:13:14Z
687,Reversible Swimming Pool Lounger,34.99,Outdoor,2024-05-10T19:40:41Z,2025-02-18T10:12:20Z
688,Picnic Blanket,29.99,Outdoor,2024-05-13T00:45:37Z,2024-10-22T20:30:23Z
689,Chocolate Raspberry Tart,9.99,Food - Bakery,2023-11-01T05:18:56Z,2025-02-07T02:22:11Z
690,Granola Bars,4.99,Food - Snacks,2023-10-31T09:44:16Z,2024-10-30T01:18:18Z
691,Honey Mustard Dip,3.29,Food - Condiments,2024-05-12T10:37:04Z,2025-06-17T10:10:58Z
692,Sweet Potato Chips,2.99,Food - Snacks,2024-01-29T13:20:36Z,2025-01-13T03:47:34Z
693,Avocado Oil Mayo,5.29,Food - Condiments,2023-10-09T05:04:23Z,2024-12-19T15:59:36Z
694,Pineapple Chunks (canned),2.29,Food - Fruits,2023-10-14T10:31:11Z,2024-08-14T21:03:40Z
695,Cereal Dispenser with Portion Control,24.99,Kitchen,2024-07-14T03:46:18Z,2025-07-07T14:24:14Z
696,Chocolate Mint Thins,2.99,Food - Snacks,2024-03-30T03:07:20Z,2025-01-06T14:34:50Z
697,Party Mini Dress,69.99,Clothing - Dresses,2023-09-01T08:23:50Z,2025-02-24T20:35:26Z
698,Kids' Learning Tablet,129.99,Electronics,2024-01-03T14:25:47Z,2024-09-19T22:53:00Z
699,Cucumber Relish,3.39,Food - Condiments,2024-02-12T12:05:52Z,2024-12-01T23:39:49Z
700,Handmade Leather Journal,39.99,Books,2024-03-08T06:07:29Z,2024-12-19T17:50:07Z
701,Toilet Paper (12 rolls),8.99,Food - Household,2024-05-22T12:17:01Z,2025-01-19T14:09:01Z
702,Gingerbread House Kit,6.99,Food - Baking,2024-01-30T01:02:58Z,2025-04-28T06:25:11Z
703,Blueberry Chia Jam,4.99,Food - Spreads,2023-09-09T04:24:08Z,2025-07-12T10:18:33Z
704,Sun-Dried Tomatoes,3.99,Food - Vegetables,2024-01-20T14:25:01Z,2025-03-22T13:19:29Z
705,Blue Corn Tortilla Chips,3.49,Food - Snacks,2024-06-13T04:10:09Z,2025-07-02T22:08:06Z
706,Comfortable Bed Pillow,24.99,Home,2023-09-11T12:20:41Z,2025-07-03T03:40:29Z
707,Home Karaoke System,129.99,Audio,2024-08-11T23:40:05Z,2025-04-17T21:34:55Z
708,Antique Style Clock,39.99,Home,2023-10-14T11:32:52Z,2025-02-13T06:23:50Z
709,Kids' Art Supplies Kit,29.99,Toys,2023-12-05T00:01:54Z,2024-12-11T08:11:30Z
710,Repair Tool Set for Home Improvement,29.99,Tools,2023-08-21T16:12:02Z,2024-10-29T10:05:44Z
711,Wireless Charging Pad,19.99,Accessories,2024-05-11T16:45:31Z,2025-01-26T12:41:11Z
712,Herbal Tea Variety Pack,4.99,Food - Beverages,2024-02-08T16:07:51Z,2025-01-18T01:22:07Z
713,Italian Meatballs,8.49,Food - Meat,2024-05-23T03:11:27Z,2025-01-01T10:45:54Z
714,Surimi Crab Sticks,4.19,Food - Seafood,2024-07-01T02:20:32Z,2024-09-12T06:30:49Z
715,Cauliflower Gnocchi,3.59,Food - Frozen Foods,2024-04-30T23:22:37Z,2025-07-28T12:17:11Z
716,Over-the-Door Shoe Organizer,22.99,Home,2023-10-24T20:45:06Z,2025-07-23T14:46:17Z
717,Scented Soy Candles,19.99,Home,2024-02-19T19:04:13Z,2025-07-17T18:19:05Z
718,Smartphone Gimbal,89.99,Electronics,2024-01-07T16:20:43Z,2024-12-23T08:04:05Z
719,Plant-Based Protein Bars,19.99,Health,2024-01-30T05:13:25Z,2025-03-12T06:59:32Z
720,Hiking Water Bottle with Filter,29.99,Outdoor,2024-03-26T17:23:49Z,2025-01-04T22:04:31Z
721,Luminous Night Light,15.99,Home,2024-03-19T19:32:21Z,2025-05-16T06:46:51Z
722,Electric Stir Fry Pan,49.99,Kitchen,2023-12-18T07:25:48Z,2025-07-13T14:45:24Z
723,Stylish Combat Boots,99.99,Clothing - Shoes,2023-10-14T23:32:37Z,2025-06-22T01:05:54Z
724,Organic Green Tea,4.29,Food - Beverages,2024-04-23T19:27:46Z,2024-12-23T20:20:08Z
725,3D Night Light,19.99,Home,2024-07-20T04:54:49Z,2024-12-25T23:48:37Z
726,Honey BBQ Ribs,12.99,Food - Meat,2024-06-26T21:04:24Z,2025-04-23T13:08:25Z
727,Customizable Name Plate,19.99,Office,2023-11-18T18:14:33Z,2024-08-21T17:25:32Z
728,Veggie Lovers Pizza,8.99,Food - Frozen Foods,2023-09-20T12:47:27Z,2025-07-17T18:38:59Z
729,Natural Fruit Snacks,3.99,Food - Snacks,2024-08-10T14:01:55Z,2025-06-23T11:09:29Z
730,Hydration Backpack,39.99,Outdoor,2024-07-02T21:38:32Z,2025-01-23T16:07:30Z
731,Digital Thermostat,59.99,Home,2023-08-28T20:05:46Z,2025-05-27T00:30:55Z
732,Fettuccine Alfredo Dinner Kit,5.49,Food - Prepared Meals,2023-12-12T19:40:02Z,2025-02-19T05:50:06Z
733,Snap-On Tupperware Set,34.99,Kitchen,2023-10-03T07:02:11Z,2024-12-26T15:24:47Z
734,Garden Tool Belt,22.99,Garden,2024-06-21T11:15:59Z,2025-06-12T09:13:49Z
735,Multi-Function Meat Tenderizer,19.99,Kitchen,2023-08-12T06:42:57Z,2024-11-25T02:40:43Z
736,Cheddar Cheese Slices,3.49,Food - Dairy,2024-05-01T08:49:35Z,2025-02-26T03:35:47Z
737,Sweet Potato Mash,3.99,Food - Frozen Foods,2023-08-12T01:28:20Z,2024-12-17T02:46:37Z
738,Inflatable Party Cooler,19.99,Outdoor,2024-08-10T17:44:31Z,2024-12-12T22:27:10Z
739,Teriyaki Salmon Fillets,9.99,Food - Seafood,2024-03-22T11:48:11Z,2025-05-23T17:28:02Z
740,Electric Toothbrush Holder,14.99,Health,2024-02-27T02:56:59Z,2025-07-22T10:44:04Z
741,Organic Black Rice,3.59,Food - Grains,2024-03-13T06:26:37Z,2025-02-01T01:01:36Z
742,Asian Salad Mix,3.99,Food - Produce,2023-12-12T17:05:29Z,2025-05-23T13:15:29Z
743,Teriyaki Sauce,2.99,Food - Condiments,2024-06-15T19:39:50Z,2025-06-25T06:30:42Z
744,Handcrafted Wooden Coasters,19.99,Home,2024-05-21T20:40:06Z,2025-02-16T11:05:12Z
745,Electric Egg Cooker,29.99,Kitchen,2024-07-08T13:22:44Z,2025-07-18T20:27:51Z
746,Frozen Berry Blend,4.99,Food - Frozen Foods,2023-12-08T01:52:19Z,2024-10-02T22:25:37Z
747,Habanero Hot Sauce,3.79,Food - Condiments,2023-09-10T16:42:54Z,2024-09-03T17:58:55Z
748,Insulated Cooler,39.99,Outdoor,2024-05-11T00:56:19Z,2024-09-02T15:07:02Z
749,Robot Vacuum Cleaner,299.99,Home Appliances,2023-08-17T17:24:29Z,2025-08-11T11:42:08Z
750,Kale Salad with Lemon Dressing,4.99,Food - Salads,2024-07-13T05:26:07Z,2025-07-04T23:06:46Z
751,Vegetable Medley,2.99,Food - Produce,2024-08-11T05:11:41Z,2024-08-17T05:48:31Z
752,Portable Refrigerator Freezer,299.99,Outdoor,2023-12-09T07:41:57Z,2024-12-31T09:07:57Z
753,Savory Quinoa Pudding,2.99,Food - Sides,2024-06-20T09:27:33Z,2025-08-03T04:33:42Z
754,Dish Soap Dispenser,18.99,Kitchen,2024-03-13T20:13:02Z,2024-08-12T18:50:54Z
755,Feta Cheese,4.99,Food - Dairy,2024-06-26T02:54:39Z,2025-04-04T02:13:13Z
756,Vegan Chocolate Cake Mix,4.29,Food - Baking,2023-11-26T06:09:08Z,2025-08-10T18:40:27Z
757,Portable Water Filter,29.99,Outdoor,2024-03-10T00:09:58Z,2025-04-28T12:36:42Z
758,Pasta Salad Kit,5.99,Food - Prepared Foods,2023-08-30T02:02:55Z,2024-11-25T14:39:35Z
759,Thai Peanut Noodles,4.99,Food - Pasta,2023-09-10T09:25:38Z,2024-09-29T22:19:14Z
760,Herb Drying Rack,22.99,Garden,2023-11-05T14:35:11Z,2025-07-14T14:09:36Z
761,Honey Sesame Chicken Mix,8.99,Food - Frozen Meals,2023-10-03T05:38:31Z,2024-09-19T23:16:46Z
762,Chocolate Hazelnut Granola,4.49,Food - Cereal,2023-12-03T06:46:02Z,2025-05-21T15:42:30Z
763,Infrared Space Heater,99.99,Home Appliances,2023-11-14T10:35:01Z,2025-08-07T04:23:16Z
764,Over-Ear Headphones,59.99,Audio,2023-09-05T02:41:09Z,2025-06-07T04:11:45Z
765,Coconut Cream Pie Mix,4.99,Food - Baking,2024-02-04T06:05:35Z,2025-07-29T19:23:24Z
766,Pet Hair Vacuum Cleaner Attachment,14.99,Pets,2023-09-03T19:43:30Z,2024-08-12T14:13:14Z
767,Handheld Shower Head,34.99,Bathroom,2024-02-15T00:34:11Z,2025-03-18T02:27:00Z
768,Mini Cordless Vacuum Cleaner,45.99,Home Appliances,2023-12-25T05:41:35Z,2025-07-02T02:35:00Z
769,Nut Butter Cups,3.99,Food - Snacks,2023-08-18T20:40:03Z,2025-05-13T07:37:05Z
770,Salsa Verde,3.49,Food - Condiments,2023-09-09T17:21:44Z,2025-03-17T04:44:38Z
771,Cranberry Citrus Sauce,3.99,Food - Condiments,2024-05-12T05:43:33Z,2024-10-09T09:52:08Z
772,Miso Dressing,3.49,Food - Dressings,2024-02-27T13:41:29Z,2025-06-20T22:09:47Z
773,Camping Tent,79.99,Outdoor,2023-12-20T11:50:57Z,2024-09-30T11:49:29Z
774,3D Night Light,19.99,Home,2024-01-02T01:50:52Z,2025-04-15T03:24:10Z
775,Pet Travel Carrier,39.99,Pets,2024-08-01T05:49:39Z,2024-09-15T17:17:32Z
776,Spicy Kimchi,4.79,Food - Condiments,2023-09-28T20:22:31Z,2025-02-15T06:53:18Z
777,Lockable Bicycle Chain,19.99,Outdoor,2024-04-27T03:27:19Z,2024-09-20T18:50:25Z
778,Video Camera,199,Electronics,2024-02-24T12:16:41Z,2025-04-07T20:00:24Z
779,Magnetic Chess Set,19.99,Toys,2024-02-02T00:41:03Z,2024-08-15T12:34:46Z
780,Roasted Chickpeas,2.99,Food - Snacks,2024-03-15T05:56:31Z,2025-01-21T06:36:26Z
781,Caribbean Jerk Marinade,3.79,Food - Marinades,2023-09-20T17:00:35Z,2025-05-19T04:53:45Z
782,Fitness Jump Rope with LCD Counter,15.99,Fitness,2024-03-03T04:08:30Z,2024-11-21T16:47:42Z
783,Balsamic Vinegar,4.99,Food - Condiments,2024-05-30T09:22:24Z,2024-09-22T18:02:35Z
784,Portable Pet Stroller,89.99,Pets,2024-04-17T10:01:35Z,2024-11-10T12:20:38Z
785,Compact Portable Grill,79.99,Outdoor,2024-05-25T20:40:04Z,2025-06-14T03:38:24Z
786,Children's Garden Tool Set,22.99,Garden,2024-01-07T23:50:52Z,2025-05-21T13:25:07Z
787,Himalayan Salt Grinder,4.99,Food - Spices,2023-12-22T21:42:05Z,2025-01-03T08:08:09Z
788,Wireless Keyboard and Mouse Combo,34.99,Electronics,2024-01-11T16:48:15Z,2024-11-26T20:46:56Z
789,Compact Electric Kettle,29.99,Kitchen,2024-03-10T21:18:47Z,2025-05-30T03:30:02Z
790,Personal Security Alarm Keychain,10.99,Safety,2024-01-17T21:20:53Z,2024-09-20T20:06:52Z
791,Pressure Cooker,89,Kitchen,2023-09-13T20:56:10Z,2024-09-11T01:40:05Z
792,Chocolate Fudge Ice Cream,5.99,Food - Frozen Desserts,2024-04-03T00:00:42Z,2024-12-01T14:00:48Z
793,Portable Charger with Solar Panel,45.99,Electronics,2024-02-01T12:53:54Z,2024-10-22T00:42:23Z
794,Handmade Leather Journal,39.99,Books,2024-04-04T19:46:10Z,2025-08-04T09:47:06Z
795,Coconut Curry Chicken,9.99,Food - Frozen Foods,2024-03-01T14:19:25Z,2025-04-21T14:23:36Z
796,Sketchbook,14.99,Art Supplies,2024-02-27T13:45:07Z,2025-06-29T01:58:51Z
797,Weighted Blanket for Adults,59.99,Health,2023-09-27T15:54:16Z,2025-02-01T03:53:35Z
798,Herbal Tea Sampler Box,29.99,Food,2023-12-03T13:45:00Z,2025-07-25T02:21:38Z
799,Portable Hammock,27.99,Outdoor,2023-09-13T13:47:36Z,2024-12-29T08:24:57Z
800,Cinnamon Raisin Bread,3.79,Food - Bakery,2024-02-29T20:35:24Z,2024-12-28T13:41:35Z
801,Wireless Security Camera,109.99,Home,2024-04-17T03:18:44Z,2024-12-29T12:18:26Z
802,Cat Tree,99.99,Pets,2024-05-28T17:42:21Z,2024-11-03T23:17:58Z
803,Fitness Resistance Bands Set,34.99,Fitness,2023-08-17T08:31:39Z,2024-11-11T09:34:22Z
804,A-Line Skirt,35.99,Clothing - Bottoms,2023-11-09T14:41:34Z,2025-04-24T04:47:30Z
805,Paint By Numbers Kit,24.99,Art Supplies,2024-07-13T06:28:48Z,2025-05-20T19:14:27Z
806,Wireless Wi-Fi Extender,49.99,Electronics,2024-04-08T03:34:36Z,2024-12-05T15:57:34Z
807,Spiralizer,22.99,Kitchen,2024-04-09T15:44:08Z,2025-07-30T17:14:43Z
808,Toy Building Set,29.99,Toys,2024-02-18T01:41:28Z,2025-03-01T04:00:13Z
809,Honey Wheat Pretzels,3.49,Food - Snacks,2024-03-10T04:09:30Z,2024-10-04T15:50:21Z
810,Luxury Bath Salts,19.99,Beauty,2024-04-30T02:27:44Z,2025-03-23T00:57:14Z
811,Compact Digital Camera,249.99,Photography,2024-07-10T02:54:55Z,2024-08-19T08:58:22Z
812,Buffalo Sauce,2.99,Food - Condiments,2023-11-27T07:40:04Z,2025-05-20T18:54:03Z
813,Vegetable Curry,5.99,Food - Frozen Foods,2024-05-02T01:19:43Z,2024-10-29T00:18:24Z
814,Honeycrisp Apples,1.89,Food - Produce,2024-02-24T06:18:07Z,2024-09-30T04:45:57Z
815,Sliced Ham,5.49,Food - Meat,2023-11-28T12:11:14Z,2024-11-20T04:39:10Z
816,Kale Salad with Lemon Dressing,4.99,Food - Salads,2024-03-01T20:35:20Z,2025-03-23T21:03:38Z
817,LED Christmas Lights,29.99,Home,2024-07-14T13:32:12Z,2024-11-08T05:24:07Z
818,Fruit and Nut Medley,5.99,Food - Snacks,2023-09-17T19:52:11Z,2024-12-08T07:33:58Z
819,Eco-Friendly Yoga Mat,39.99,Fitness,2023-10-25T04:00:12Z,2024-09-21T22:22:57Z
820,Digital Wireless Meat Thermometer,39.99,Kitchen,2024-01-28T16:49:32Z,2025-01-26T12:32:37Z
821,Pet Bed,39.99,Pets,2024-01-01T01:51:46Z,2024-12-22T21:31:01Z
822,Ginger Turmeric Tea,3.49,Food - Beverages,2023-11-15T00:32:52Z,2024-09-25T21:30:07Z
823,Non-Toxic Concrete Sealer,39.99,Home Improvement,2024-03-17T19:08:33Z,2025-08-02T12:50:06Z
824,Coffee Capsule Dispenser,24.99,Kitchen,2024-05-10T14:59:47Z,2025-07-22T12:58:46Z
825,Teriyaki Tofu Stir-Fry,7.49,Food - Prepared Meals,2023-09-19T22:08:53Z,2025-06-06T13:03:52Z
826,Magic Color-Changing Mug,14.99,Kitchen,2023-10-29T06:23:51Z,2025-01-08T02:47:10Z
827,Coconut Curry Lentils,5.79,Food - Canned Goods,2023-09-29T02:20:25Z,2024-11-23T15:58:51Z
828,Pineapple Coconut Bars,3.79,Food - Snacks,2024-01-16T01:52:12Z,2025-05-25T15:21:23Z
829,Classic Watch,99.99,Accessories,2023-11-27T16:02:35Z,2024-11-22T20:00:19Z
830,Beef Stroganoff Meal Kit,12.99,Food - Frozen Meals,2024-04-09T06:22:02Z,2024-08-20T08:11:54Z
831,Overnight Hiking Backpack,79.99,Outdoor,2024-04-18T18:12:10Z,2024-08-12T20:49:31Z
832,Cinnamon Spiced Almonds,5.99,Food - Snacks,2024-01-25T23:33:54Z,2025-08-05T19:01:58Z
833,Red Lentil Pasta,3.99,Food - Pasta,2024-02-07T17:55:30Z,2025-03-04T06:06:34Z
834,Weighted Jump Rope,15.99,Fitness,2023-10-03T23:16:19Z,2024-09-30T04:42:03Z
835,Spicy BBQ Sauce,3.99,Food - Condiments,2023-11-20T00:32:24Z,2025-06-06T02:52:13Z
836,Peach Fruit Cups,1.99,Food - Snacks,2024-01-23T23:54:50Z,2025-07-14T00:39:21Z
837,Multi-Tool,39.99,Outdoor,2023-11-05T13:59:46Z,2025-03-06T11:33:48Z
838,Cotton Pajama Set,49.99,Clothing - Loungewear,2024-02-17T12:57:49Z,2025-06-08T00:01:28Z
839,Tabletop Fire Pit,79.99,Outdoor,2024-04-10T12:35:54Z,2025-04-16T12:56:15Z
840,Vegetable Lentil Soup,3.49,Food - Canned Goods,2024-04-12T15:06:27Z,2025-06-01T15:24:39Z
841,Californian Raisins,3.19,Food - Dried Fruits,2024-06-06T22:54:41Z,2025-05-29T17:16:03Z
842,Cacao Nibs,6.49,Food - Baking,2024-05-21T10:00:33Z,2025-04-28T12:12:44Z
843,Cinnamon Roll Protein Bar,2.99,Food - Snacks,2024-02-21T14:18:26Z,2025-07-05T12:57:53Z
844,Thai Green Curry Paste,2.49,Food - Sauces,2023-11-16T18:17:35Z,2025-03-07T16:47:25Z
845,Raisin Cinnamon Granola,3.79,Food - Cereals,2024-05-04T05:08:21Z,2025-05-01T09:00:51Z
846,Honey Mustard Chicken Breasts,8.99,Food - Meat,2023-10-21T17:08:08Z,2024-12-27T06:32:52Z
847,Halloween Decoration Set,29.99,Home,2023-11-02T04:13:36Z,2025-03-15T14:11:54Z
848,Kids' Outdoor Explorer Kit,24.99,Toys,2024-02-26T23:02:31Z,2024-11-26T21:11:58Z
849,Watercolor Set,19.99,Art Supplies,2023-11-13T16:57:03Z,2025-06-29T06:24:40Z
850,Apple Cinnamon Instant Oatmeal,3.49,Food - Cereal,2024-06-10T17:55:23Z,2025-03-31T10:37:50Z
851,Basil Tomato Soup,2.99,Food - Canned Soups,2023-08-29T00:55:10Z,2025-04-09T02:22:06Z
852,Fried Rice,4.29,Food - Frozen Foods,2024-06-26T13:29:31Z,2025-06-03T11:57:25Z
853,Ice Cube Tray with Lid,10.99,Kitchen,2023-08-17T14:05:33Z,2024-10-03T20:38:08Z
854,Leather Biker Jacket,129.99,Clothing - Outerwear,2023-12-02T22:21:54Z,2025-08-04T05:03:17Z
855,Honey Sesame Chicken Mix,8.99,Food - Frozen Meals,2023-11-22T12:22:31Z,2025-04-04T01:36:27Z
856,Wall-Mounted Organizer,34.99,Home,2024-02-10T02:32:02Z,2025-01-27T11:28:22Z
857,Chocolate Peanut Butter Cups,2.29,Food - Snacks,2023-12-08T18:00:53Z,2025-02-06T08:26:27Z
858,Whole Wheat Pasta,2.49,Food - Grains,2024-04-17T05:37:09Z,2024-09-20T21:32:09Z
859,Fitness Jump Box,69.99,Fitness,2024-06-19T05:41:28Z,2025-03-01T20:52:58Z
860,Marinated Artichokes,3.79,Food - Vegetables,2023-09-07T06:28:56Z,2024-10-11T08:18:37Z
861,Heated Throw Blanket,49.99,Home,2023-10-26T05:49:59Z,2025-02-01T20:37:57Z
862,Bamboo Charcoal Air Purifier Bags,12.99,Home,2024-06-09T07:03:10Z,2025-04-07T03:45:38Z
863,Chipotle Seasoning Blend,2.49,Food - Spices,2024-01-03T21:38:13Z,2025-05-27T06:04:49Z
864,Portable SSD,129.99,Storage,2024-04-08T12:55:30Z,2025-02-20T00:34:42Z
865,Silicone Baking Mat,15.99,Kitchen,2023-12-22T03:23:26Z,2024-11-03T07:39:24Z
866,Digital Wireless Camera,199.99,Home Security,2024-04-20T01:06:35Z,2024-12-19T12:05:36Z
867,Sporty Cap,15.99,Clothing - Accessories,2024-07-21T12:30:53Z,2025-07-06T21:33:22Z
868,Sunflower Seeds,2.99,Food - Nuts,2023-11-24T13:54:32Z,2025-04-12T14:48:42Z
869,Electric Butter Churn,49.99,Kitchen,2024-05-29T12:41:42Z,2025-06-05T15:01:54Z
870,Mini Food Processor,39.99,Kitchen,2024-07-31T05:56:59Z,2024-08-21T03:44:47Z
871,Herbal Tea Set,19.99,Food,2024-03-08T15:38:39Z,2025-01-27T11:43:15Z
872,Honey Sriracha Chicken Bites,7.99,Food - Frozen Foods,2024-05-03T05:03:19Z,2025-07-16T06:24:34Z
873,Ginger Snaps,2.79,Food - Confectionery,2024-04-24T03:23:40Z,2024-11-22T06:14:31Z
874,Chili Garlic Sauce,2.49,Food - Condiments,2024-02-11T07:23:59Z,2025-04-01T04:58:47Z
875,Sweet and Sour Sauce,2.79,Food - Condiments,2024-03-23T08:45:16Z,2024-08-20T04:51:03Z
876,Tea Set with Infuser,34.99,Kitchen,2024-07-01T15:36:36Z,2025-06-06T03:48:56Z
877,Flavored Rice Cakes,2.49,Food - Snacks,2024-07-16T08:32:35Z,2024-11-28T02:19:48Z
878,Mashed Sweet Potatoes,3.99,Food - Sides,2023-11-09T09:09:41Z,2024-12-01T07:31:26Z
879,Laundry Detergent,12.99,Food - Household,2023-09-22T19:55:51Z,2024-10-11T19:12:12Z
880,Stainless Steel Grater,14.99,Kitchen,2024-01-23T09:43:32Z,2025-05-01T00:30:47Z
881,Honey Sesame Chicken,8.99,Food - Frozen Food,2024-02-05T19:53:04Z,2024-11-01T20:57:12Z
882,Wireless Earbuds Case,12.99,Accessories,2024-04-13T04:39:14Z,2024-08-23T05:00:26Z
883,Spicy Hummus,3.49,Food - Deli,2024-04-16T15:47:34Z,2024-11-09T06:48:50Z
884,Legging Pants,34.99,Clothing - Activewear,2023-12-17T22:36:01Z,2024-11-30T04:43:10Z
885,Silicone Stretch Lids,14.99,Kitchen,2024-07-21T19:33:10Z,2025-06-23T17:38:32Z
886,Pet Travel Bowl,10.99,Pets,2024-07-30T08:51:51Z,2025-05-31T05:39:35Z
887,Car Emergency Kit,49.99,Automotive,2024-06-10T14:46:03Z,2025-05-11T23:59:08Z
888,Roasted Garlic Aioli,3.79,Food - Condiments,2023-11-23T17:36:36Z,2024-10-09T23:22:23Z
889,Bicycle Repair Kit,14.99,Outdoor,2024-01-22T17:42:25Z,2024-12-25T02:31:53Z
890,Egg Noodles,2.29,Food - Grains,2023-12-10T00:47:25Z,2024-08-22T00:10:57Z
891,Sesame Seeds,1.99,Food - Baking,2023-10-10T20:19:56Z,2025-05-16T00:41:50Z
892,Cereal Dispenser with Portion Control,24.99,Kitchen,2023-09-02T07:46:16Z,2024-10-30T21:29:53Z
893,Wireless Car Charger,24.99,Automotive,2024-08-04T00:38:16Z,2024-11-13T08:40:04Z
894,Kid's Fruit Snacks,2.49,Food - Snacks,2023-11-17T13:16:13Z,2025-04-29T03:51:16Z
895,Chili Lime Seasoning,2.99,Food - Spices,2024-02-27T18:58:20Z,2024-09-07T02:45:33Z
896,Pet Carrier,39.99,Pets,2023-10-20T01:52:11Z,2024-11-02T01:51:15Z
897,Chia Seed Pudding,3.99,Food - Snacks,2023-09-08T20:21:10Z,2025-06-07T13:28:54Z
898,Coconut Oil Spray,4.99,Food - Cooking Oils,2024-04-03T00:01:22Z,2025-07-10T11:22:23Z
899,Smart Thermostat with Wi-Fi,169.99,Smart Home,2024-02-17T17:00:21Z,2025-02-27T00:58:43Z
900,Spicy Thai Coconut Soup,3.99,Food - Soups,2024-06-15T15:07:26Z,2024-11-07T16:14:46Z
901,Mini Electric Kettle,29.99,Kitchen,2024-02-18T03:27:53Z,2025-03-03T00:20:37Z
902,Non-Stick Grill Pan,39.99,Kitchen,2023-08-13T10:12:39Z,2025-05-26T06:34:15Z
903,Silicone Baking Mat Set,24.99,Kitchen,2023-08-19T01:25:39Z,2025-06-29T02:11:35Z
904,Chocolate Syrup,2.99,Food - Condiments,2023-11-24T08:49:07Z,2025-04-05T16:50:29Z
905,Interactive Robot Toy,34.99,Toys,2024-05-15T12:40:37Z,2024-09-03T09:51:01Z
906,Sriracha Hot Chili Sauce,2.99,Food - Condiments,2024-05-13T20:41:01Z,2025-07-24T14:07:34Z
907,Berry Smoothie Mix,4.99,Food - Frozen Foods,2023-11-18T05:37:47Z,2025-06-01T02:39:45Z
908,Self-Watering Planter,24.99,Garden,2023-08-17T08:24:03Z,2025-02-13T11:48:16Z
909,Teriyaki Beef Jerky,5.49,Food - Snacks,2024-07-01T04:45:10Z,2025-08-08T21:54:41Z
910,Pumpkin Pie Spice,2.99,Food - Baking,2024-05-13T14:48:44Z,2024-10-16T13:09:49Z
911,Reversible Comforter Set,89.99,Home,2023-10-21T01:53:24Z,2025-06-12T08:59:58Z
912,Puff Pastry,5.49,Food - Bakery,2024-01-16T09:40:51Z,2025-02-21T13:59:23Z
913,Mediterranean Couscous,3.59,Food - Grains,2023-12-19T15:36:12Z,2025-06-24T05:44:41Z
914,Flavored Popcorn Mix,2.99,Food - Snacks,2023-08-21T05:05:34Z,2025-07-01T18:03:54Z
915,Smartphone Photography Ring Light,29.99,Photography,2024-02-27T17:46:56Z,2025-02-24T21:39:51Z
916,Digital Camera,299.99,Electronics,2024-05-10T16:43:55Z,2025-02-05T22:55:52Z
917,Cocoa Powder,3.99,Food - Baking,2024-03-06T21:35:17Z,2025-05-21T22:35:54Z
918,Organic Coconut Flour,5.49,Food - Baking,2024-06-13T00:16:40Z,2025-01-04T03:49:48Z
919,Rolling Cooler,59.99,Outdoor,2024-05-04T02:21:49Z,2025-03-30T00:07:09Z
920,Pet Carrier Backpack,39.99,Pets,2023-09-24T08:22:10Z,2025-05-14T23:15:49Z
921,Pomegranate Juice,4.49,Food - Beverages,2023-12-27T10:34:05Z,2024-10-15T01:36:59Z
922,Two-Tone Windbreaker,59.99,Clothing - Outerwear,2023-12-30T16:09:23Z,2024-10-24T04:29:25Z
923,Smartphone Holder for Car,14.99,Automotive,2024-02-24T03:33:48Z,2024-09-29T18:33:13Z
924,Portable Speakers,69.99,Audio,2024-06-12T03:54:24Z,2025-03-15T11:05:46Z
925,Basil Pesto Pasta,6.49,Food - Prepared Meals,2023-11-12T07:51:35Z,2024-11-02T05:44:10Z
926,Buffalo Cauliflower Bites,6.29,Food - Freezer,2024-01-31T00:50:58Z,2025-02-21T09:39:17Z
927,Vegan Chocolate Cake Mix,4.29,Food - Baking,2024-07-06T08:09:04Z,2024-10-07T20:48:48Z
928,Mushrooms,2.99,Food - Produce,2024-01-29T07:33:37Z,2024-10-17T14:15:59Z
929,Reusable Coffee Filter,10.99,Kitchen,2023-11-19T08:12:47Z,2025-01-13T17:27:31Z
930,Baby Monitor,79.99,Baby,2024-07-18T21:57:57Z,2025-04-17T05:08:46Z
931,Coffee Capsule Dispenser,24.99,Kitchen,2024-02-25T05:26:51Z,2024-08-17T09:28:10Z
932,Plant-Based Protein Bars,19.99,Health,2024-06-28T23:17:13Z,2025-04-23T09:25:29Z
933,Almond Flour,5.99,Food - Baking,2023-09-14T05:12:08Z,2025-03-15T03:36:29Z
934,Protein Bar Variety Pack,12.99,Food - Snacks,2024-06-03T18:23:44Z,2024-12-19T17:44:43Z
935,Organic Green Apples,1.49,Food - Produce,2024-04-21T03:18:21Z,2024-08-27T05:59:30Z
936,Deluxe First Aid Kit,39.99,Health,2024-03-26T03:23:09Z,2025-05-15T02:17:25Z
937,Chickpea Pasta,4.19,Food - Pasta,2024-02-07T22:24:40Z,2025-04-08T04:22:06Z
938,Window A/C Unit,299.99,Home Appliances,2023-09-19T15:13:40Z,2025-05-28T13:31:45Z
939,Ice Pack,8.99,Health,2024-04-30T13:04:11Z,2024-10-31T14:07:27Z
940,Portable Pet Bathing Tool,29.99,Pets,2024-01-26T12:07:50Z,2024-10-24T23:01:51Z
941,Buffalo Stilton Cheese,8.99,Food - Cheese,2024-02-25T08:48:48Z,2024-10-19T04:55:44Z
942,Safety First Aid Kit,29.99,Health,2023-08-29T10:10:00Z,2025-05-24T22:12:54Z
943,Mini Projector,169.99,Electronics,2023-12-25T21:10:51Z,2025-01-13T01:50:45Z
944,Peach Green Tea,3.49,Food - Beverages,2024-06-19T19:22:09Z,2024-08-28T13:41:51Z
945,Smartphone Photography Ring Light,29.99,Photography,2024-06-26T22:52:14Z,2024-12-13T05:51:23Z
946,Rain Jacket,64.99,Clothing,2024-05-10T15:11:26Z,2024-10-25T16:00:43Z
947,Garlic Herb Cream Cheese,2.99,Food - Dairy,2023-12-25T06:21:41Z,2025-04-16T15:59:03Z
948,Maple Bacon Potato Chips,2.89,Food - Snacks,2023-08-17T06:20:14Z,2024-11-06T16:55:04Z
949,Tortilla Chips,2.99,Food - Snacks,2024-06-01T09:02:58Z,2025-07-31T00:08:26Z
950,Reusable Silicone Food Storage Bags,19.99,Kitchen,2024-05-03T01:33:18Z,2025-08-02T10:33:13Z
951,Maple Almond Yogurt,1.89,Food - Dairy,2023-10-17T23:36:57Z,2025-04-07T07:07:59Z
952,Multi-Cooker,89.99,Kitchen,2024-07-21T21:58:05Z,2024-10-06T06:19:58Z
953,Buffalo Style Cauliflower Bites,5.49,Food - Frozen Vegetables,2024-03-10T09:56:38Z,2024-09-13T17:16:53Z
954,Organic Black Rice,3.59,Food - Grains,2023-11-30T16:23:54Z,2024-08-18T22:37:23Z
955,Chocolate Hazelnut Spread,5.99,Food - Spreads,2024-03-14T02:31:18Z,2025-01-17T15:33:24Z
956,Sliced Strawberries,4.99,Food - Fruits,2024-05-17T16:36:46Z,2025-03-21T16:47:54Z
957,Frozen Chicken Nuggets,4.49,Food - Frozen Foods,2023-11-21T00:22:36Z,2024-12-16T10:54:17Z
958,Aged White Cheddar Popcorn,2.99,Food - Snacks,2023-09-02T13:01:53Z,2025-07-04T03:21:04Z
959,Faux Fur Coat,129.99,Clothing - Coats,2024-07-22T16:39:42Z,2025-02-18T11:14:23Z
960,Portable Massage Gun,79.99,Health,2024-08-11T04:17:34Z,2024-10-24T23:17:57Z
961,Electric Air Pump,29.99,Outdoor,2024-03-24T17:14:54Z,2025-04-24T01:58:22Z
962,Wall-Mounted Organizer,34.99,Home,2024-07-28T22:17:15Z,2025-03-12T19:19:54Z
963,Puffed Rice Cake,2.49,Food - Snacks,2024-01-04T14:47:41Z,2025-07-19T03:47:53Z
964,Pineapple Coconut Yogurt,4.49,Food - Dairy,2023-08-15T18:29:03Z,2024-09-21T14:53:00Z
965,Pumpkin Pancake Mix,4.19,Food - Breakfast,2023-09-12T14:38:11Z,2024-08-24T08:43:53Z
966,Electric Kettle with Temperature Control,49.99,Kitchen,2023-11-17T00:45:45Z,2024-10-27T18:00:17Z
967,Spicy Chicken Wings,9.99,Food - Meat,2024-03-19T06:52:00Z,2025-07-13T11:37:51Z
968,Tomato Basil Pasta Sauce,3.99,Food - Sauces,2024-05-12T03:52:39Z,2025-02-26T12:15:25Z
969,Tailored Blazer,99.99,Clothing - Outerwear,2023-11-04T22:35:17Z,2024-11-24T10:31:21Z
970,Underwater Camera,199.99,Photography,2024-07-28T20:48:12Z,2025-06-11T11:40:55Z
971,Cucumber,0.99,Food - Produce,2024-05-25T14:32:40Z,2025-04-03T21:15:48Z
972,Magnetic Phone Car Mount,14.99,Automotive,2024-04-08T23:29:13Z,2024-12-26T04:07:08Z
973,Classic Vanilla Fudge,4.49,Food - Desserts,2023-10-10T04:59:16Z,2025-03-09T01:45:05Z
974,Baby Monitor,79.99,Baby,2024-06-14T22:22:05Z,2024-11-28T16:01:58Z
975,Chicken Fajita Kit,8.99,Food - Prepared Foods,2023-12-18T21:39:29Z,2024-10-12T00:15:50Z
976,Smartphone Photography Tripod,29.99,Electronics,2024-06-03T02:25:41Z,2025-07-21T03:45:31Z
977,Zesty Garlic Marinade,4.49,Food - Condiments,2024-03-14T10:41:36Z,2025-01-31T17:43:01Z
978,Sliced Olives,1.99,Food - Condiments,2024-08-11T14:57:30Z,2025-02-26T18:48:23Z
979,Garden Vegetable Soup,3.29,Food - Canned Goods,2023-09-24T13:26:53Z,2025-05-15T16:19:33Z
980,Asian Stir-Fry Vegetables,2.99,Food - Frozen Foods,2023-11-16T08:06:30Z,2024-09-18T18:26:50Z
981,Cauliflower Rice Stir-Fry,4.99,Food - Frozen Foods,2023-11-24T14:48:45Z,2025-05-29T22:24:10Z
982,Fitness Jump Box,69.99,Fitness,2023-10-28T01:16:06Z,2025-04-28T08:52:47Z
983,Children's Educational Puzzle,19.99,Toys,2023-12-18T23:52:11Z,2024-11-05T10:35:36Z
984,Chicken Sausage,6.99,Food - Meat,2023-08-21T22:28:36Z,2025-02-09T06:19:13Z
985,Coconut Curry Lentils,5.79,Food - Canned Goods,2024-04-12T05:36:45Z,2025-04-20T15:43:15Z
986,Foot Spa Bath Massager,59.99,Health,2023-10-20T09:55:46Z,2025-05-07T23:22:31Z
987,Stylish Combat Boots,99.99,Clothing - Shoes,2024-04-07T19:20:27Z,2025-04-24T08:13:54Z
988,Trendy Bomber Jacket,69.99,Clothing - Outerwear,2024-05-05T07:07:22Z,2025-02-16T21:23:22Z
989,Kale Caesar Salad Kit,5.99,Food - Salads,2024-02-20T18:47:55Z,2024-12-06T21:07:04Z
990,Fitness Resistance Bands Set,34.99,Fitness,2024-06-12T01:52:56Z,2025-07-25T19:03:21Z
991,Professional Chef Knife,89.99,Kitchen,2023-09-09T12:35:55Z,2025-06-15T12:50:41Z
992,Stuffed Peppers with Quinoa,7.99,Food - Prepared Meals,2024-02-15T02:38:40Z,2025-07-29T01:52:43Z
993,Silicone Cooking Utensils Set,34.99,Kitchen,2024-03-25T21:13:17Z,2024-09-01T07:44:54Z
994,Customizable Wall Calendar,24.99,Office,2024-01-23T03:51:10Z,2024-09-29T03:24:16Z
995,Pet Food Storage Container,24.99,Pets,2023-12-04T22:56:08Z,2024-10-26T00:45:07Z
996,Folding Table,59.99,Outdoor,2023-09-06T10:27:45Z,2024-10-28T06:00:01Z
997,Coconut Milk,2.49,Food - Canned Goods,2024-05-06T16:36:39Z,2025-01-21T12:36:16Z
998,Coloring Books for Adults,14.99,Books,2024-02-20T05:21:25Z,2024-11-26T23:43:40Z
999,Ice Cream,5.99,Food - Frozen Foods,2024-01-24T00:31:19Z,2025-01-25T11:33:01Z
1000,Sriracha Sauce,3.19,Food - Condiments,2024-03-12T22:57:55Z,2024-09-22T03:16:13Z
